"";"s2id";"iso3";"label";"sublabel";"lat";"lon";"distance_from_shore_m";"dock"
"1";"106853f5";"NGA";"BONNY";"BONNY";4,44846277283085;7,16032647355167;0;FALSE
"2";"106853d9";"NGA";"BONNY";"PORT HARCOURT";4,4727727912729;7,17516453993833;0;FALSE
"3";"106853e7";"NGA";"BONNY";"PORT HARCOURT";4,46298975838922;7,17065162212637;0;FALSE
"4";"1068546b";"NGA";"BONNY";"BONNY";4,42817028997577;7,15552968218174;0;TRUE
"5";"106853ef";"NGA";"BONNY";"BONNY";4,45825046905601;7,16510265438059;0;FALSE
"6";"106853f1";"NGA";"BONNY";"BONNY";4,45371468247006;7,16450070070989;0;FALSE
"7";"10685459";"NGA";"BONNY";"BONNY";4,41598693385316;7,13827640411582;0;TRUE
"8";"10685183";"NGA";"BONNY";"PORT HARCOURT";4,48847196979994;7,18649674450826;0;FALSE
"9";"10685185";"NGA";"BONNY";"PORT HARCOURT";4,49320428803955;7,18620437790687;0;FALSE
"10";"106853e9";"NGA";"BONNY";"BONNY";4,46306264689761;7,16537364611268;0;FALSE
"11";"1068545d";"NGA";"BONNY";"BONNY";4,4218862436635;7,14407589631998;0;TRUE
"12";"1068545f";"NGA";"BONNY";"BONNY";4,42226943672224;7,14057593137316;0;FALSE
"13";"10685469";"NGA";"BONNY";"BONNY";4,42797503923905;7,14925624428298;0;TRUE
"14";"10685467";"NGA";"BONNY";"BONNY";4,42725966342595;7,14505932989812;0;TRUE
"15";"106853f3";"NGA";"BONNY";"BONNY";4,45282641117981;7,16032915469029;0;FALSE
"16";"106853e5";"NGA";"BONNY";"BONNY";4,4574158138021;7,17030628060631;0;TRUE
"17";"106bd20b";"NGA";"BRASS";"TWON-BRASS";4,30624717760357;6,23940522122831;0;TRUE
"18";"106787c3";"NGA";"CALABAR";"CALABAR";4,98297865117376;8,32218639888374;0;TRUE
"19";"106788cd";"NGA";"CALABAR";"CALABAR";4,92610566484692;8,28005045611325;0;FALSE
"20";"106788b9";"NGA";"CALABAR";"CALABAR";4,93705750540362;8,28978557037741;0;TRUE
"21";"106787c5";"NGA";"CALABAR";"CALABAR";4,97673715641008;8,32368532022103;0;TRUE
"22";"106787df";"NGA";"CALABAR";"CALABAR";4,98406161507661;8,31182049766385;0;TRUE
"23";"105d7d57";"NGA";"CALABAR";"CALABAR";5,01067994636067;8,31633838861547;0;TRUE
"24";"106788b7";"NGA";"CALABAR";"CALABAR";4,93332426447378;8,28803546279918;0;TRUE
"25";"106788c9";"NGA";"CALABAR";"CALABAR";4,93194465932231;8,28620005586363;0;TRUE
"26";"10678f33";"NGA";"CALABAR";"CALABAR";4,9230631978236;8,27865031451677;0;TRUE
"27";"106788cb";"NGA";"CALABAR";"CALABAR";4,92778522265367;8,28357021018134;0;TRUE
"28";"105d7d4b";"NGA";"CALABAR";"CALABAR";5,02515810040444;8,3135025398537;0;TRUE
"29";"105d7d49";"NGA";"CALABAR";"CALABAR";5,02479032296814;8,31468628653981;0;TRUE
"30";"106787cf";"NGA";"CALABAR";"CALABAR";4,9738652303679;8,32279178379085;0;TRUE
"31";"105d7d51";"NGA";"CALABAR";"CALABAR";5,01416575036457;8,31596605771813;0;TRUE
"32";"10407b6f";"NGA";"ESCRAVOS";"ESCRAVOS GAS";5,61023432780763;5,19780848047574;0;TRUE
"33";"10407b6d";"NGA";"ESCRAVOS";"ESCRAVOS GAS";5,60503420650605;5,19715135442853;0;TRUE
"34";"10407b53";"NGA";"ESCRAVOS";"ESCRAVOS GAS";5,61480672478789;5,22433607436887;0;FALSE
"35";"10407b43";"NGA";"ESCRAVOS";"ESCRAVOS GAS";5,6109639292801;5,20741459512143;0;TRUE
"36";"10407b39";"NGA";"ESCRAVOS";"ESCRAVOS GAS";5,60158382765391;5,21337338363002;0;TRUE
"37";"10407b47";"NGA";"ESCRAVOS";"ESCRAVOS GAS";5,60222652932534;5,21332840767733;0;TRUE
"38";"1040151f";"NGA";"FORCADOS";"CURT NIGERA";5,34960907939919;5,35257809734349;0;TRUE
"39";"10401521";"NGA";"FORCADOS";"FORCADOS";5,35013491855364;5,35262479762896;0;TRUE
"40";"1040ebcd";"NGA";"KOKO";"KOKO";5,99437038147664;5,46488372339245;0;TRUE
"41";"1040ebb3";"NGA";"KOKO";"KOKO";5,99776914190868;5,45002341815136;0;TRUE
"42";"1040ebb5";"NGA";"KOKO";"KOKO";5,9957212741521;5,45470471092082;0;TRUE
"43";"1040ebcb";"NGA";"KOKO";"KOKO";5,99629899287036;5,45884747551516;0;TRUE
"44";"103b8ba5";"NGA";"LAGOS";"LAGOS";6,45097448565427;3,37306327060164;0;TRUE
"45";"103b89a1";"NGA";"LAGOS";"AJEGUNLE";6,43571479806244;3,31580943130039;0;TRUE
"46";"103b89a7";"NGA";"LAGOS";"AJEGUNLE";6,43616099523536;3,31227110339375;0;TRUE
"47";"103b8b07";"NGA";"LAGOS";"LAGOS";6,4449858098286;3,38038259403513;0;TRUE
"48";"103b89a3";"NGA";"LAGOS";"AJEGUNLE";6,43228383990009;3,31689255978818;0;TRUE
"49";"103b899f";"NGA";"LAGOS";"AJEGUNLE";6,43561191340358;3,31981032711266;0;TRUE
"50";"103b8987";"NGA";"LAGOS";"AJEGUNLE";6,43086091493233;3,33723757198372;0;TRUE
"51";"103b8999";"NGA";"LAGOS";"AJEGUNLE";6,4318959961184;3,32080238724314;0;TRUE
"52";"103b8989";"NGA";"LAGOS";"AJEGUNLE";6,42692801889466;3,33820591527549;0;TRUE
"53";"103b8a2f";"NGA";"LAGOS";"APAPA";6,43121931149479;3,34702156325509;0;TRUE
"54";"103b8ba1";"NGA";"LAGOS";"LAGOS";6,45647259430615;3,3760860755626;0;TRUE
"55";"103b8ae3";"NGA";"LAGOS";"LAGOS";6,43457717718842;3,39269608605657;0;TRUE
"56";"103b8b99";"NGA";"LAGOS";"LAGOS";6,46103868669334;3,37306956528943;0;TRUE
"57";"103b8a31";"NGA";"LAGOS";"APAPA";6,43220000365351;3,35162324385434;0;TRUE
"58";"103b8865";"NGA";"LAGOS";"LAGOS";6,42976067100911;3,27051140829502;0;TRUE
"59";"103b8a21";"NGA";"LAGOS";"AJEGUNLE";6,421696397916;3,34151404013632;0;TRUE
"60";"103b8877";"NGA";"LAGOS";"LAGOS";6,42816613348791;3,26175977725716;0;TRUE
"61";"103b87d9";"NGA";"LAGOS";"LAGOS";6,42724049522243;3,25777002398476;0;TRUE
"62";"103b8a4f";"NGA";"LAGOS";"LAGOS";6,433213350983;3,36652165513487;0;TRUE
"63";"103b8a53";"NGA";"LAGOS";"LAGOS";6,43480405037945;3,37260947078876;0;TRUE
"64";"103b8baf";"NGA";"LAGOS";"LAGOS";6,44938256975018;3,37380002917466;0;TRUE
"65";"103b8ac5";"NGA";"LAGOS";"LAGOS";6,42456003285722;3,40620963923376;0;TRUE
"66";"103b8981";"NGA";"LAGOS";"AJEGUNLE";6,43754611512675;3,33408867550337;0;TRUE
"67";"103b8aff";"NGA";"LAGOS";"LAGOS";6,43721891878985;3,38165425925477;0;TRUE
"68";"103b8b01";"NGA";"LAGOS";"LAGOS";6,44377839271904;3,38270016650425;0;TRUE
"69";"103b8a49";"NGA";"LAGOS";"LAGOS";6,43165442209021;3,36039736703252;0;TRUE
"70";"103b8983";"NGA";"LAGOS";"AJEGUNLE";6,43658910453947;3,3316394631841;0;TRUE
"71";"103b8a51";"NGA";"LAGOS";"LAGOS";6,43297174052068;3,37016632491652;0;TRUE
"72";"103b8a3b";"NGA";"LAGOS";"APAPA";6,4254808165355;3,35151346312845;0;TRUE
"73";"103b890b";"NGA";"LAGOS";"AJEGUNLE";6,4430014963608;3,31659806930405;0;TRUE
"74";"103b887b";"NGA";"LAGOS";"LAGOS";6,42933283627555;3,26757968741181;0;TRUE
"75";"103b8843";"NGA";"LAGOS";"LAGOS";6,42809905726457;3,28026873865905;0;TRUE
"76";"103b899d";"NGA";"LAGOS";"AJEGUNLE";6,43629875471709;3,32774824401755;0;TRUE
"77";"103b8a29";"NGA";"LAGOS";"AJEGUNLE";6,42945020489022;3,34103585195452;0;TRUE
"78";"103b8b9f";"NGA";"LAGOS";"LAGOS";6,46524294630215;3,37615541714434;0;TRUE
"79";"103b8b21";"NGA";"LAGOS";"LAGOS";6,4415311592746;3,40006241902762;0;TRUE
"80";"103b8871";"NGA";"LAGOS";"LAGOS";6,42909147919727;3,26668414427431;0;TRUE
"81";"103b8ac7";"NGA";"LAGOS";"LAGOS";6,42199513493882;3,4059428018723;0;TRUE
"82";"103b8b09";"NGA";"LAGOS";"LAGOS";6,4536634153163;3,38170431921339;0;TRUE
"83";"103b8a95";"NGA";"LAGOS";"LAGOS";6,41302382942561;3,39806683951501;0;TRUE
"84";"103b8ae1";"NGA";"LAGOS";"LAGOS";6,4368509330681;3,39505793152613;0;TRUE
"85";"103b8a55";"NGA";"LAGOS";"LAGOS";6,43608983310332;3,37570481653807;0;TRUE
"86";"103b8a39";"NGA";"LAGOS";"LAGOS";6,42713685830097;3,35471805548665;0;TRUE
"87";"103b8a37";"NGA";"LAGOS";"LAGOS";6,43179518685927;3,35602662914082;0;TRUE
"88";"103b8afb";"NGA";"LAGOS";"LAGOS";6,43224532935048;3,38860734527366;0;TRUE
"89";"103b8985";"NGA";"LAGOS";"AJEGUNLE";6,43330075009389;3,33268393942658;0;TRUE
"90";"103b8ba3";"NGA";"LAGOS";"LAGOS";6,45834625068169;3,37200407025208;0;TRUE
"91";"103b8ae5";"NGA";"LAGOS";"LAGOS";6,43172485197272;3,39065680158793;0;TRUE
"92";"103b8a27";"NGA";"LAGOS";"AJEGUNLE";6,42670834536462;3,3407960608901;0;TRUE
"93";"103b8ba9";"NGA";"LAGOS";"LAGOS";6,44775559113879;3,37589007953135;0;TRUE
"94";"103b8b1f";"NGA";"LAGOS";"LAGOS";6,44253875833082;3,39693404283378;0;TRUE
"95";"103b899b";"NGA";"LAGOS";"AJEGUNLE";6,43369484704304;3,32461552418416;0;TRUE
"96";"103b8a25";"NGA";"LAGOS";"APAPA";6,42562042608051;3,34594512792859;0;TRUE
"97";"10393523";"NGA";"NGA-59";"LAGOS";6,40909616737126;4,10110683188594;0;TRUE
"98";"1040e8ab";"NGA";"NGA-73";"KOKO";5,95939195813765;5,5595653471455;0;TRUE
"99";"10683519";"NGA";"NGA-75";"OKRIKA";4,72365498027015;7,11837401744078;0;TRUE
"100";"1040220d";"NGA";"NGA-80";"NIGERIA";5,14001471813934;5,40159761297678;0;TRUE
"101";"1069cf39";"NGA";"NGA-82";"BONGA";4,79006139203246;6,94352664355475;0;TRUE
"102";"1069cf41";"NGA";"NGA-82";"ONNE PORT";4,79407749515152;6,94153172969313;0;TRUE
"103";"1040e407";"NGA";"OGHARA";"OGHARA";5,94606225476327;5,64217156457552;0;TRUE
"104";"1040e3f7";"NGA";"OGHARA";"OGHARA";5,94248433638604;5,64693848982265;0;TRUE
"105";"1069cacf";"NGA";"OKRIKA";"OKRIKA";4,72006771553192;7,08586286057682;0;TRUE
"106";"1069cad1";"NGA";"OKRIKA";"OKRIKA";4,72283492882027;7,08411653436854;0;TRUE
"107";"106835f9";"NGA";"ONNE";"ONNE";4,69429613754728;7,17059250467898;0;TRUE
"108";"106835ff";"NGA";"ONNE";"ONNE";4,69489006942995;7,17540296694685;0;TRUE
"109";"10684a75";"NGA";"ONNE";"ONNE";4,68667465290221;7,15735629877626;0;TRUE
"110";"10684a6d";"NGA";"ONNE";"ONNE";4,67837960264304;7,15590890449306;0;TRUE
"111";"10684a45";"NGA";"ONNE";"ONNE";4,66503177606354;7,15081793931121;0;TRUE
"112";"10684a6b";"NGA";"ONNE";"ONNE";4,67377292928543;7,15468458706907;0;TRUE
"113";"1068358d";"NGA";"ONNE";"ONNE";4,69885166545334;7,15713448539839;0;TRUE
"114";"10684a13";"NGA";"ONNE";"ONNE";4,67844625625102;7,15905717775837;0;TRUE
"115";"106835fd";"NGA";"ONNE";"ONNE";4,69631418515127;7,17777590856932;0;TRUE
"116";"10684a3f";"NGA";"ONNE";"ONNE";4,66861351677005;7,15868780688517;0;TRUE
"117";"10684a73";"NGA";"ONNE";"ONNE";4,68321043258694;7,15678596526462;0;TRUE
"118";"106835f5";"NGA";"ONNE";"ONNE";4,69490110118725;7,15920716144994;0;TRUE
"119";"10684a41";"NGA";"ONNE";"ONNE";4,66855264205703;7,15384830645578;0;TRUE
"120";"10684a47";"NGA";"ONNE";"ONNE";4,66500979359644;7,15230311475444;0;TRUE
"121";"10684a15";"NGA";"ONNE";"ONNE";4,67352134363723;7,15888161209414;0;TRUE
"122";"10684a0d";"NGA";"ONNE";"ONNE";4,68351296673878;7,15892375449585;0;TRUE
"123";"10684a0b";"NGA";"ONNE";"ONNE";4,68848577116426;7,15822744154291;0;TRUE
"124";"106835f7";"NGA";"ONNE";"ONNE";4,69519591595516;7,16583265521379;0;TRUE
"125";"1068358b";"NGA";"ONNE";"ONNE";4,69587640141152;7,15725467880169;0;TRUE
"126";"106835f3";"NGA";"ONNE";"ONNE";4,69686709009809;7,16053044566026;0;TRUE
"127";"1069c92b";"NGA";"PORT HARCOURT";"PORT HARCOURT";4,77063584728363;6,96571843017186;0;TRUE
"128";"1069c959";"NGA";"PORT HARCOURT";"PORT HARCOURT";4,76206992335607;7,00452911710943;0;TRUE
"129";"1069c95f";"NGA";"PORT HARCOURT";"PORT HARCOURT";4,75551730512635;7,00284613547611;0;TRUE
"130";"1069cb79";"NGA";"PORT HARCOURT";"PORT HARCOURT";4,76783287964257;7,05373133633961;0;TRUE
"131";"1069c955";"NGA";"PORT HARCOURT";"PORT HARCOURT";4,77418813803148;7,00344296527312;0;TRUE
"132";"1069cba3";"NGA";"PORT HARCOURT";"PORT HARCOURT";4,7513581871536;7,04308587886056;0;TRUE
"133";"1069cce5";"NGA";"PORT HARCOURT";"PORT HARCOURT";4,80735238380038;7,06269311189701;0;TRUE
"134";"1069ced1";"NGA";"PORT HARCOURT";"PORT HARCOURT";4,78314019384985;6,97341027863608;0;TRUE
"135";"1069cc13";"NGA";"PORT HARCOURT";"PORT HARCOURT";4,78646413807391;7,02362777202482;0;TRUE
"136";"1069cc17";"NGA";"PORT HARCOURT";"PORT HARCOURT";4,79265508403759;7,02188244282505;0;TRUE
"137";"1069ccfb";"NGA";"PORT HARCOURT";"PORT HARCOURT";4,80863797332737;7,05976300855444;0;TRUE
"138";"1069cb63";"NGA";"PORT HARCOURT";"PORT HARCOURT";4,77201567953907;7,06330009992106;0;TRUE
"139";"1069c929";"NGA";"PORT HARCOURT";"PORT HARCOURT";4,76902018144102;6,96607717130853;0;TRUE
"140";"1069cbff";"NGA";"PORT HARCOURT";"PORT HARCOURT";4,77176648689823;7,00917582095325;0;TRUE
"141";"1069c957";"NGA";"PORT HARCOURT";"PORT HARCOURT";4,7649201445071;7,00651073769106;0;TRUE
"142";"1069cb99";"NGA";"PORT HARCOURT";"PORT HARCOURT";4,75563359543374;7,0428329155726;0;TRUE
"143";"1069c8d5";"NGA";"PORT HARCOURT";"PORT HARCOURT";4,77434057515227;6,96201350280901;0;TRUE
"144";"1069c961";"NGA";"PORT HARCOURT";"PORT HARCOURT";4,7515971006894;7,0021688622786;0;TRUE
"145";"1069cee7";"NGA";"PORT HARCOURT";"LAGOS NIGERIA";4,79845053890809;6,97131639237704;0;TRUE
"146";"1069cb7b";"NGA";"PORT HARCOURT";"PORT HARCOURT";4,76803316937067;7,05573930238036;0;TRUE
"147";"1069c94f";"NGA";"PORT HARCOURT";"PORT HARCOURT";4,76925881048676;6,99471749994724;0;TRUE
"148";"1069c933";"NGA";"PORT HARCOURT";"PORT HARCOURT";4,7740635417605;6,97793319381519;0;TRUE
"149";"1069c953";"NGA";"PORT HARCOURT";"PORT HARCOURT";4,77137789074081;6,99858565083232;0;TRUE
"150";"1069cc9b";"NGA";"PORT HARCOURT";"PORT HARCOURT";4,78310984184666;7,0611189577218;0;TRUE
"151";"1069cc91";"NGA";"PORT HARCOURT";"PORT HARCOURT";4,7893192417116;7,06083547458879;0;TRUE
"152";"1069cc93";"NGA";"PORT HARCOURT";"PORT HARCOURT";4,79039139024643;7,0610483515726;0;TRUE
"153";"1069cbfd";"NGA";"PORT HARCOURT";"PORT HARCOURT";4,7672805892858;7,00826827831953;0;TRUE
"154";"1040e387";"NGA";"SAPELE";"OGHARA";5,92264573698607;5,65043890191483;0;TRUE
"155";"1040e389";"NGA";"SAPELE";"OGHARA";5,92446941618346;5,64869247727404;0;TRUE
"156";"104052cb";"NGA";"WARRI";"WARRI";5,55614314949008;5,72867606768781;0;TRUE
"157";"104051e5";"NGA";"WARRI";"WARRI";5,54267697212423;5,6318012130789;0;TRUE
"158";"10405299";"NGA";"WARRI";"WARRI";5,53982130304015;5,70623465471278;0;TRUE
"159";"1041b3ad";"NGA";"WARRI";"ESCRAVOS OFFSHORE";5,48992085176537;5,77912468569742;0;TRUE
"160";"1041b2b7";"NGA";"WARRI";"WARRI";5,51335487452586;5,739667551047;0;TRUE
"161";"10404d81";"NGA";"WARRI";"WARRI";5,53419600321011;5,68541752879794;0;TRUE
"162";"104051c5";"NGA";"WARRI";"WARRI";5,54807491747138;5,61780457864426;0;TRUE
"163";"104051e7";"NGA";"WARRI";"WARRI";5,54425000052067;5,62846944679801;0;TRUE
"164";"1041b263";"NGA";"WARRI";"WARRI";5,52191390066273;5,7748932078452;0;TRUE
"165";"104051e9";"NGA";"WARRI";"WARRI";5,54799813028109;5,62620701571069;0;TRUE
"166";"104051c3";"NGA";"WARRI";"WARRI";5,54808062199277;5,62250855058256;0;TRUE
"167";"1041b2b5";"NGA";"WARRI";"WARRI";5,51411537136247;5,73259639124202;0;TRUE
"168";"10405279";"NGA";"WARRI";"WARRI";5,53840864807705;5,68146607263465;0;TRUE
"169";"10404d49";"NGA";"WARRI";"WARRI";5,51446059916528;5,72322655040334;0;TRUE
"170";"10404d47";"NGA";"WARRI";"WARRI";5,5151305655164;5,7151967740089;0;TRUE
"171";"10404d39";"NGA";"WARRI";"WARRI";5,51263761691377;5,71813769255385;0;TRUE
"172";"1041b265";"NGA";"WARRI";"WARRI";5,51950900216631;5,77803102766844;0;TRUE
"173";"10405281";"NGA";"WARRI";"WARRI";5,53614539228873;5,69131178253166;0;TRUE
"174";"1040527f";"NGA";"WARRI";"WARRI";5,53508505845634;5,68687405856555;0;TRUE
"175";"10404d4b";"NGA";"WARRI";"WARRI";5,51486014009881;5,72604528778306;0;TRUE
"176";"1041ad35";"NGA";"WARRI";"WARRI";5,55657881569905;5,73055643060484;0;TRUE
"177";"104051e3";"NGA";"WARRI";"WARRI";5,53937540773248;5,63367577376488;0;TRUE
"178";"1041b289";"NGA";"WARRI";"WARRI";5,52159458151285;5,76819174706511;0;TRUE
"179";"10405283";"NGA";"WARRI";"WARRI";5,53570975515823;5,69686512063497;0;TRUE
"180";"1040529f";"NGA";"WARRI";"WARRI";5,53906118444896;5,70534261859981;0;TRUE
"181";"1041b28b";"NGA";"WARRI";"WARRI";5,51455615534412;5,76972674810935;0;TRUE
"182";"10404d37";"NGA";"WARRI";"WARRI";5,51245174957373;5,7220012493627;0;TRUE
"183";"106853db";"NGA";"BONNY";"PORT HARCOURT";4,47215004536285;7,17152024207709;1000;FALSE
"184";"10685479";"NGA";"BONNY";"BONNY";4,44230372555293;7,14515147732568;1000;FALSE
"185";"1068538b";"NGA";"BONNY";"BONNY";4,44766361907513;7,15422193278528;1000;FALSE
"186";"1068538d";"NGA";"BONNY";"BONNY";4,45225294310922;7,15463378531543;1000;FALSE
"187";"106854f9";"NGA";"BONNY";"BONNY";4,41137996694354;7,13287625784568;1000;FALSE
"188";"10685181";"NGA";"BONNY";"PORT HARCOURT";4,48820260775893;7,18165731170237;1000;FALSE
"189";"106853dd";"NGA";"BONNY";"PORT HARCOURT";4,46845990850213;7,17091793946452;1000;FALSE
"190";"10685477";"NGA";"BONNY";"BONNY";4,44289796857596;7,14963253868325;1000;FALSE
"191";"106854ff";"NGA";"BONNY";"BONNY";4,40839086547339;7,13174825991579;1000;FALSE
"192";"1068522b";"NGA";"BONNY";"PORT HARCOURT";4,48805106540347;7,17736819738619;1000;FALSE
"193";"106853eb";"NGA";"BONNY";"BONNY";4,46228298627809;7,16201580990205;1000;FALSE
"194";"106853d5";"NGA";"BONNY";"PORT HARCOURT";4,48372043744497;7,17681768983749;1000;FALSE
"195";"106853c3";"NGA";"BONNY";"PORT HARCOURT";4,46788610365551;7,16602027939586;1000;FALSE
"196";"106853ed";"NGA";"BONNY";"BONNY";4,45792609696356;7,16131667006241;1000;FALSE
"197";"106854f7";"NGA";"BONNY";"BONNY";4,41614785823515;7,13394122409565;1000;TRUE
"198";"10685389";"NGA";"BONNY";"BONNY";4,44727780025201;7,15091020015158;1000;FALSE
"199";"106853d7";"NGA";"BONNY";"PORT HARCOURT";4,47850442640853;7,17684206066675;1000;FALSE
"200";"10685461";"NGA";"BONNY";"BONNY";4,42690057895567;7,13978927623046;1000;FALSE
"201";"10685475";"NGA";"BONNY";"BONNY";4,44313161657064;7,15378558607182;1000;FALSE
"202";"106853c5";"NGA";"BONNY";"PORT HARCOURT";4,47162638867824;7,16690080255814;1000;FALSE
"203";"10685187";"NGA";"BONNY";"PORT HARCOURT";4,49319578099447;7,18167104947718;1000;FALSE
"204";"10685189";"NGA";"BONNY";"PORT HARCOURT";4,49796042921814;7,18122687108949;1000;FALSE
"205";"1068517f";"NGA";"BONNY";"PORT HARCOURT";4,48368430521364;7,18149460201423;1000;FALSE
"206";"106853df";"NGA";"BONNY";"PORT HARCOURT";4,46826372353683;7,17494202257802;1000;FALSE
"207";"10406489";"NGA";"ESCRAVOS";"ESCRAVOS";5,60932199984893;5,26656663446743;1000;FALSE
"208";"10406465";"NGA";"ESCRAVOS";"ESCRAVOS";5,60820433479572;5,2762897973997;1000;FALSE
"209";"10407b51";"NGA";"ESCRAVOS";"ESCRAVOS GAS";5,6161282289542;5,2203260912205;1000;TRUE
"210";"10406413";"NGA";"ESCRAVOS";"ESCRAVOS";5,6079546457485;5,29180017550948;1000;FALSE
"211";"1040647d";"NGA";"ESCRAVOS";"ESCRAVOS";5,61284796047597;5,27114067560518;1000;FALSE
"212";"10406487";"NGA";"ESCRAVOS";"ESCRAVOS";5,6128275442836;5,26700403331709;1000;FALSE
"213";"1040646f";"NGA";"ESCRAVOS";"ESCRAVOS";5,60813595028728;5,28134177715643;1000;FALSE
"214";"104064ab";"NGA";"ESCRAVOS";"ESCRAVOS GAS";5,61896789422063;5,22991248365937;1000;TRUE
"215";"10406461";"NGA";"ESCRAVOS";"ESCRAVOS";5,60543764294057;5,2716391824686;1000;FALSE
"216";"10406467";"NGA";"ESCRAVOS";"ESCRAVOS";5,6051739531768;5,27662143574696;1000;FALSE
"217";"10406469";"NGA";"ESCRAVOS";"ESCRAVOS";5,60526756514345;5,28101464282173;1000;FALSE
"218";"10406463";"NGA";"ESCRAVOS";"ESCRAVOS";5,60870375251682;5,27139658194486;1000;FALSE
"219";"1040646d";"NGA";"ESCRAVOS";"ESCRAVOS";5,60808561034487;5,28631102498762;1000;FALSE
"220";"104064a9";"NGA";"ESCRAVOS";"ESCRAVOS GAS";5,61928915705779;5,23432501684902;1000;FALSE
"221";"10406471";"NGA";"ESCRAVOS";"ESCRAVOS";5,61352520021526;5,28137544136192;1000;FALSE
"222";"104064a7";"NGA";"ESCRAVOS";"ESCRAVOS GAS";5,62025336662013;5,23973938694389;1000;FALSE
"223";"104064ad";"NGA";"ESCRAVOS";"ESCRAVOS GAS";5,61526273099073;5,22897808270594;1000;FALSE
"224";"103b8afd";"NGA";"LAGOS";"LAGOS";6,43613534348846;3,38701697408181;1000;TRUE
"225";"103b8b03";"NGA";"LAGOS";"LAGOS";6,44207197729185;3,38682923680661;1000;TRUE
"226";"103b8b1d";"NGA";"LAGOS";"LAGOS";6,44018493800213;3,39161938867455;1000;TRUE
"227";"10679075";"NGA";"NGA-86";"CALABAR";4,81981611376188;8,30695652643415;1000;FALSE
"228";"103c756f";"NGA";"LAGOS";"LAGOS";6,38281305595106;3,39125617612102;2000;FALSE
"229";"103c7571";"NGA";"LAGOS";"LAGOS";6,3832638773146;3,38697987747104;2000;FALSE
"230";"103c756d";"NGA";"LAGOS";"LAGOS";6,37833261175603;3,3914563421262;2000;FALSE
"231";"103c7575";"NGA";"LAGOS";"LAGOS";6,37770395201012;3,38227849394788;2000;FALSE
"232";"103c7577";"NGA";"LAGOS";"LAGOS";6,38344768577842;3,38256240742524;2000;FALSE
"233";"103c7573";"NGA";"LAGOS";"LAGOS";6,3777547246217;3,38682368857918;2000;FALSE
"234";"103c75a1";"NGA";"LAGOS";"LAGOS";6,37266134451235;3,37771679479925;3000;FALSE
"235";"103c756b";"NGA";"LAGOS";"LAGOS";6,37800858360162;3,39674508785602;3000;FALSE
"236";"103c75bb";"NGA";"LAGOS";"TIN CAN ISLAND";6,36698409435819;3,36721868522547;3000;FALSE
"237";"103c75db";"NGA";"LAGOS";"TIN CAN ISLAND";6,36732313697083;3,34676159016782;3000;FALSE
"238";"103c7569";"NGA";"LAGOS";"LAGOS";6,38282488368571;3,39619022938984;3000;FALSE
"239";"103c75dd";"NGA";"LAGOS";"TIN CAN ISLAND";6,37321610140039;3,34643219727263;3000;FALSE
"240";"103c75a7";"NGA";"LAGOS";"TIN CAN ISLAND";6,36764401451509;3,37759685554827;3000;FALSE
"241";"103c7513";"NGA";"LAGOS";"LAGOS";6,37266427900898;3,3915709579933;3000;FALSE
"242";"103c75c3";"NGA";"LAGOS";"TIN CAN ISLAND";6,37294755516877;3,35128290852772;3000;FALSE
"243";"103c7511";"NGA";"LAGOS";"LAGOS";6,36773740790262;3,39161087706462;3000;FALSE
"244";"103c750d";"NGA";"LAGOS";"LAGOS";6,3729734775702;3,38659944249599;3000;FALSE
"245";"103c75c5";"NGA";"LAGOS";"TIN CAN ISLAND";6,36751673051467;3,35134439612247;3000;FALSE
"246";"103c750b";"NGA";"LAGOS";"LAGOS";6,3729289203528;3,38199434586747;3000;FALSE
"247";"103c7509";"NGA";"LAGOS";"TIN CAN ISLAND";6,36738723169484;3,38144597994811;3000;FALSE
"248";"103c750f";"NGA";"LAGOS";"LAGOS";6,36709538561046;3,38661278060063;3000;FALSE
"249";"103c0a95";"NGA";"LAGOS";"LAGOS";6,3773613789369;3,44248042410856;4000;FALSE
"250";"103c7501";"NGA";"LAGOS";"LAGOS";6,35692285016796;3,38185216260767;4000;FALSE
"251";"103c7503";"NGA";"LAGOS";"LAGOS";6,35596102766146;3,38659412679589;4000;FALSE
"252";"103c7677";"NGA";"LAGOS";"TIN CAN ISLAND";6,36771425605799;3,33639359834858;4000;FALSE
"253";"103c7521";"NGA";"LAGOS";"LAGOS";6,35654080011964;3,40171465724059;4000;FALSE
"254";"103c0abf";"NGA";"LAGOS";"LAGOS";6,37723361422665;3,43723820284145;4000;FALSE
"255";"103c7523";"NGA";"LAGOS";"LAGOS";6,36192853562164;3,4018066882661;4000;FALSE
"256";"103c751f";"NGA";"LAGOS";"LAGOS";6,3564134550562;3,3967415288431;4000;FALSE
"257";"103c7671";"NGA";"LAGOS";"TIN CAN ISLAND";6,36745966561145;3,33096755732233;4000;FALSE
"258";"103c753d";"NGA";"LAGOS";"LAGOS";6,36708813618375;3,4011395847191;4000;FALSE
"259";"103c75ab";"NGA";"LAGOS";"LAGOS";6,35675109409185;3,3766553692273;4000;FALSE
"260";"103c75df";"NGA";"LAGOS";"TIN CAN ISLAND";6,37297695311009;3,34129158344478;4000;FALSE
"261";"103c7519";"NGA";"LAGOS";"LAGOS";6,3625018307357;3,39711236703812;4000;FALSE
"262";"103c7517";"NGA";"LAGOS";"LAGOS";6,36716698382124;3,3970222191911;4000;FALSE
"263";"103c766f";"NGA";"LAGOS";"TIN CAN ISLAND";6,36750185194651;3,32658971195388;4000;FALSE
"264";"103c75a9";"NGA";"LAGOS";"TIN CAN ISLAND";6,3617807897935;3,37691937992534;4000;FALSE
"265";"103c751b";"NGA";"LAGOS";"LAGOS";6,36286797767076;3,39146258553197;4000;FALSE
"266";"103c7505";"NGA";"LAGOS";"LAGOS";6,36268929210684;3,38658390484783;4000;FALSE
"267";"103c753f";"NGA";"LAGOS";"LAGOS";6,37235084921041;3,40088452708603;4000;FALSE
"268";"103c7515";"NGA";"LAGOS";"LAGOS";6,37277796843906;3,39676947269982;4000;FALSE
"269";"103c7507";"NGA";"LAGOS";"LAGOS";6,36279277955147;3,3820605168238;4000;FALSE
"270";"103c75d9";"NGA";"LAGOS";"TIN CAN ISLAND";6,36773364439163;3,34112385935567;4000;FALSE
"271";"103c751d";"NGA";"LAGOS";"LAGOS";6,35669270180729;3,39222911306451;4000;FALSE
"272";"1040774f";"NGA";"ESCRAVOS";"ESCRAVOS";5,5267383433892;5,13432557716907;5000;FALSE
"273";"10407741";"NGA";"ESCRAVOS";"ESCRAVOS";5,52223415841391;5,1257012276584;5000;FALSE
"274";"10407747";"NGA";"ESCRAVOS";"ESCRAVOS";5,52274342959418;5,12946591825659;5000;FALSE
"275";"10407745";"NGA";"ESCRAVOS";"ESCRAVOS";5,5252877251465;5,13053842909707;5000;FALSE
"276";"103c7663";"NGA";"LAGOS";"TIN CAN ISLAND";6,35674208947139;3,32659003655813;5000;FALSE
"277";"103c0a93";"NGA";"LAGOS";"LAGOS";6,37699098435928;3,44749195681194;5000;FALSE
"278";"103c7451";"NGA";"LAGOS";"LAGOS";6,34618790948493;3,37181952695191;5000;FALSE
"279";"103c767b";"NGA";"LAGOS";"TIN CAN ISLAND";6,36262796205675;3,33168214718308;5000;FALSE
"280";"103c744f";"NGA";"LAGOS";"LAGOS";6,34639936491631;3,36680713634795;5000;FALSE
"281";"103c7455";"NGA";"LAGOS";"LAGOS";6,35157243042543;3,37633697161041;5000;FALSE
"282";"103c7453";"NGA";"LAGOS";"LAGOS";6,3515516008874;3,37191891130251;5000;FALSE
"283";"103c7661";"NGA";"LAGOS";"TIN CAN ISLAND";6,35721327620956;3,32167269737769;5000;FALSE
"284";"103c74f9";"NGA";"LAGOS";"LAGOS";6,34606084948484;3,38207678416168;5000;FALSE
"285";"103c74ff";"NGA";"LAGOS";"LAGOS";6,35165462889538;3,38220912300312;5000;FALSE
"286";"103c75cf";"NGA";"LAGOS";"TIN CAN ISLAND";6,36269316290374;3,35080361771579;5000;FALSE
"287";"103c74e7";"NGA";"LAGOS";"LAGOS";6,3458248833873;3,39687394512426;5000;FALSE
"288";"103c74e5";"NGA";"LAGOS";"LAGOS";6,3461391956192;3,39190792923068;5000;FALSE
"289";"103c74fb";"NGA";"LAGOS";"LAGOS";6,3461791406442;3,38639904458763;5000;FALSE
"290";"103c75d1";"NGA";"LAGOS";"TIN CAN ISLAND";6,36217882081099;3,34661919119309;5000;FALSE
"291";"103c74fd";"NGA";"LAGOS";"LAGOS";6,3516922350333;3,38672554952193;5000;FALSE
"292";"103c767f";"NGA";"LAGOS";"TIN CAN ISLAND";6,35698292376703;3,33633992379337;5000;FALSE
"293";"103c7457";"NGA";"LAGOS";"LAGOS";6,34636438369191;3,3764518242726;5000;FALSE
"294";"103c767d";"NGA";"LAGOS";"TIN CAN ISLAND";6,35711814286521;3,33165888428862;5000;FALSE
"295";"103c74e3";"NGA";"LAGOS";"LAGOS";6,35166279380236;3,39213368519497;5000;FALSE
"296";"103c7525";"NGA";"LAGOS";"LAGOS";6,36153745204286;3,40646657201485;5000;FALSE
"297";"103c74e1";"NGA";"LAGOS";"LAGOS";6,35164877756771;3,39679691715596;5000;FALSE
"298";"103c7665";"NGA";"LAGOS";"TIN CAN ISLAND";6,36231691951271;3,3267248601701;5000;FALSE
"299";"103c7529";"NGA";"LAGOS";"LAGOS";6,35602720003347;3,41149492438457;5000;FALSE
"300";"103c0a8f";"NGA";"LAGOS";"LAGOS";6,3829303294679;3,45247940168578;5000;FALSE
"301";"103c74df";"NGA";"LAGOS";"LAGOS";6,35111701615795;3,40182502749039;5000;FALSE
"302";"103c0a8b";"NGA";"LAGOS";"LAGOS";6,37732976283595;3,45742015312291;5000;FALSE
"303";"103c7527";"NGA";"LAGOS";"LAGOS";6,35598621107529;3,40678028587241;5000;FALSE
"304";"103c75cd";"NGA";"LAGOS";"TIN CAN ISLAND";6,35721266233037;3,35144319649125;5000;FALSE
"305";"103c7679";"NGA";"LAGOS";"TIN CAN ISLAND";6,36267433425268;3,33669177618267;5000;FALSE
"306";"103c7667";"NGA";"LAGOS";"TIN CAN ISLAND";6,36261363375655;3,32171780158732;5000;FALSE
"307";"103c74dd";"NGA";"LAGOS";"LAGOS";6,3459486936621;3,40202707461046;5000;FALSE
"308";"103c75d7";"NGA";"LAGOS";"TIN CAN ISLAND";6,36233788459755;3,34119309681514;5000;FALSE
"309";"103c765f";"NGA";"LAGOS";"TIN CAN ISLAND";6,35767924319292;3,31650402575788;5000;FALSE
"310";"103c75d5";"NGA";"LAGOS";"TIN CAN ISLAND";6,35734437886376;3,34133845568525;5000;FALSE
"311";"103c75d3";"NGA";"LAGOS";"TIN CAN ISLAND";6,35745638770628;3,34641617533901;5000;FALSE
"312";"103c744d";"NGA";"LAGOS";"LAGOS";6,35128574170308;3,36673943433047;5000;FALSE
"313";"103c74f1";"NGA";"LAGOS";"LAGOS";6,34103440978798;3,38685419269913;6000;FALSE
"314";"103c74d9";"NGA";"LAGOS";"LAGOS";6,3513625623194;3,40665272734914;6000;FALSE
"315";"103c74d3";"NGA";"LAGOS";"LAGOS";6,3454429322027;3,41687471492777;6000;FALSE
"316";"103c745b";"NGA";"LAGOS";"LAGOS";6,34119223788724;3,37202480008508;6000;FALSE
"317";"103c744b";"NGA";"LAGOS";"LAGOS";6,35120703682666;3,36187418463179;6000;FALSE
"318";"103c0a59";"NGA";"LAGOS";"LAGOS";6,36660725464118;3,461749192441;6000;FALSE
"319";"103c0b2d";"NGA";"LAGOS";"LAGOS";6,34560709943437;3,42284565139104;6000;FALSE
"320";"103c74f5";"NGA";"LAGOS";"LAGOS";6,33556967842877;3,38155979062043;6000;FALSE
"321";"103c74d5";"NGA";"LAGOS";"LAGOS";6,35082555190032;3,41661710154112;6000;FALSE
"322";"103c74db";"NGA";"LAGOS";"LAGOS";6,34626695476398;3,40695500950586;6000;FALSE
"323";"103c0af7";"NGA";"LAGOS";"LAGOS";6,36719109213725;3,45735852578597;6000;FALSE
"324";"103c76fd";"NGA";"LAGOS";"LAGOS";6,34712155919693;3,30135057610657;6000;FALSE
"325";"103c74ef";"NGA";"LAGOS";"LAGOS";6,3406349507742;3,39178189300268;6000;FALSE
"326";"103c7449";"NGA";"LAGOS";"LAGOS";6,34664817099379;3,36183863839303;6000;FALSE
"327";"103c7689";"NGA";"LAGOS";"TIN CAN ISLAND";6,35153036860213;3,32617666378606;6000;FALSE
"328";"103c0ae1";"NGA";"LAGOS";"LAGOS";6,35647768519401;3,44238441124344;6000;FALSE
"329";"103c768d";"NGA";"LAGOS";"TIN CAN ISLAND";6,34679299946152;3,32127731516836;6000;FALSE
"330";"103c7437";"NGA";"LAGOS";"LAGOS";6,34604367157151;3,35637362108828;6000;FALSE
"331";"103c745f";"NGA";"LAGOS";"LAGOS";6,33591651789201;3,37693343709169;6000;FALSE
"332";"103c7445";"NGA";"LAGOS";"LAGOS";6,34098760554869;3,36672619713746;6000;FALSE
"333";"103c74f3";"NGA";"LAGOS";"LAGOS";6,33563294841259;3,38714870045066;6000;FALSE
"334";"103c74c1";"NGA";"LAGOS";"LAGOS";6,33558024697653;3,40178933711514;6000;FALSE
"335";"103c74d1";"NGA";"LAGOS";"LAGOS";6,34585907968844;3,41177934038505;6000;FALSE
"336";"103c7459";"NGA";"LAGOS";"LAGOS";6,34070970109621;3,37657910145952;6000;FALSE
"337";"103c0aef";"NGA";"LAGOS";"LAGOS";6,36711658889261;3,44795496094661;6000;FALSE
"338";"103c7687";"NGA";"LAGOS";"TIN CAN ISLAND";6,35190468802404;3,33164510319148;6000;FALSE
"339";"103c7443";"NGA";"LAGOS";"LAGOS";6,33580037418278;3,36649400483834;6000;FALSE
"340";"103c0af1";"NGA";"LAGOS";"LAGOS";6,36711841121803;3,4518281022254;6000;FALSE
"341";"103c768b";"NGA";"LAGOS";"TIN CAN ISLAND";6,35190984455137;3,32153875024226;6000;FALSE
"342";"103c742b";"NGA";"LAGOS";"TIN CAN ISLAND";6,35169683315082;3,3415250341451;6000;FALSE
"343";"103c7685";"NGA";"LAGOS";"TIN CAN ISLAND";6,34655510716129;3,33143256282353;6000;FALSE
"344";"103c7683";"NGA";"LAGOS";"TIN CAN ISLAND";6,34670184523544;3,33625503699039;6000;FALSE
"345";"103c742f";"NGA";"LAGOS";"TIN CAN ISLAND";6,34629471576295;3,34639805365589;6000;FALSE
"346";"103c74f7";"NGA";"LAGOS";"LAGOS";6,34066661009724;3,38162120866115;6000;FALSE
"347";"103c74d7";"NGA";"LAGOS";"LAGOS";6,35106603975978;3,41177232903668;6000;FALSE
"348";"103c76f3";"NGA";"LAGOS";"TIN CAN ISLAND";6,34698362858792;3,31660699474306;6000;FALSE
"349";"103c768f";"NGA";"LAGOS";"TIN CAN ISLAND";6,34668640847248;3,32627157838267;6000;FALSE
"350";"103c7429";"NGA";"LAGOS";"TIN CAN ISLAND";6,34639452357745;3,34140670207729;6000;FALSE
"351";"103c74eb";"NGA";"LAGOS";"LAGOS";6,33537662425966;3,39700030378366;6000;FALSE
"352";"103c745d";"NGA";"LAGOS";"LAGOS";6,3356429109955;3,37151670493619;6000;FALSE
"353";"103c742d";"NGA";"LAGOS";"TIN CAN ISLAND";6,35160920079067;3,34602458897457;6000;FALSE
"354";"103c74c3";"NGA";"LAGOS";"LAGOS";6,34079954875854;3,40211283908589;6000;FALSE
"355";"103c0aed";"NGA";"LAGOS";"LAGOS";6,37249240393146;3,44705550962059;6000;FALSE
"356";"103c76f1";"NGA";"LAGOS";"LAGOS";6,34723882586391;3,31097991236582;6000;FALSE
"357";"103c7681";"NGA";"LAGOS";"TIN CAN ISLAND";6,35158342380233;3,33648765220937;6000;FALSE
"358";"103c0adf";"NGA";"LAGOS";"LAGOS";6,35613405059552;3,43731950531325;6000;FALSE
"359";"103c76f5";"NGA";"LAGOS";"TIN CAN ISLAND";6,3516798434474;3,31612149915646;6000;FALSE
"360";"103c0ad9";"NGA";"LAGOS";"LAGOS";6,35580446907973;3,43257935661309;6000;FALSE
"361";"103c74e9";"NGA";"LAGOS";"LAGOS";6,34084850042932;3,39715935337188;6000;FALSE
"362";"103c7433";"NGA";"LAGOS";"TIN CAN ISLAND";6,3515419457663;3,35179877368235;6000;FALSE
"363";"103c7431";"NGA";"LAGOS";"LAGOS";6,34617941310339;3,35136761030367;6000;FALSE
"364";"103c74ed";"NGA";"LAGOS";"LAGOS";6,33532141834769;3,39188015317909;6000;FALSE
"365";"103c0b37";"NGA";"LAGOS";"LAGOS";6,33548931828994;3,42753095062519;7000;FALSE
"366";"103c0b29";"NGA";"LAGOS";"LAGOS";6,35137984604427;3,42749843211573;7000;FALSE
"367";"103c7463";"NGA";"LAGOS";"LAGOS";6,32505299174225;3,37645086744154;7000;FALSE
"368";"103c0a53";"NGA";"LAGOS";"LAGOS";6,35665769710838;3,46731691929604;7000;FALSE
"369";"103c7425";"NGA";"LAGOS";"LAGOS";6,34163223379841;3,34629153234069;7000;FALSE
"370";"103c748b";"NGA";"LAGOS";"LAGOS";6,33035193057121;3,38179390966256;7000;FALSE
"371";"103c0af9";"NGA";"LAGOS";"LAGOS";6,36140868806529;3,45751260579092;7000;FALSE
"372";"103c0b23";"NGA";"LAGOS";"LAGOS";6,34603420760634;3,43715818838012;7000;FALSE
"373";"103c0b25";"NGA";"LAGOS";"LAGOS";6,34573113432405;3,43241420729005;7000;FALSE
"374";"103c0b35";"NGA";"LAGOS";"LAGOS";6,33529449381512;3,42219895020854;7000;FALSE
"375";"103c743f";"NGA";"LAGOS";"LAGOS";6,33526787146131;3,35678791278539;7000;FALSE
"376";"103c769d";"NGA";"LAGOS";"TIN CAN ISLAND";6,34161580155101;3,33645613061155;7000;FALSE
"377";"103c7447";"NGA";"LAGOS";"LAGOS";6,34079428285611;3,36158637635546;7000;FALSE
"378";"103c0afd";"NGA";"LAGOS";"LAGOS";6,35617326948069;3,45252902252872;7000;FALSE
"379";"103c0b1f";"NGA";"LAGOS";"LAGOS";6,3507369791701;3,44207146558963;7000;FALSE
"380";"103c0aff";"NGA";"LAGOS";"LAGOS";6,3567119988632;3,45731807982258;7000;FALSE
"381";"103c7421";"NGA";"LAGOS";"LAGOS";6,33549543607188;3,34183328473938;7000;FALSE
"382";"103c76eb";"NGA";"LAGOS";"LAGOS";6,33640654366768;3,31639637804826;7000;FALSE
"383";"103c7695";"NGA";"LAGOS";"TIN CAN ISLAND";6,33624872371566;3,32137148967479;7000;FALSE
"384";"103c7439";"NGA";"LAGOS";"LAGOS";6,34131685517871;3,3566443128453;7000;FALSE
"385";"103c7423";"NGA";"LAGOS";"LAGOS";6,33561063168593;3,3463387658135;7000;FALSE
"386";"103c743b";"NGA";"LAGOS";"LAGOS";6,34098673037608;3,35152055815933;7000;FALSE
"387";"103c0ae5";"NGA";"LAGOS";"LAGOS";6,36149364478405;3,44709804475067;7000;FALSE
"388";"103c74cf";"NGA";"LAGOS";"LAGOS";6,34047690626562;3,41169670635592;7000;FALSE
"389";"103c743d";"NGA";"LAGOS";"LAGOS";6,33561868044029;3,35158173264512;7000;FALSE
"390";"103c74c5";"NGA";"LAGOS";"LAGOS";6,34074915084758;3,40699168038329;7000;FALSE
"391";"103c7691";"NGA";"LAGOS";"TIN CAN ISLAND";6,34144159673548;3,32624145865736;7000;FALSE
"392";"103c0b19";"NGA";"LAGOS";"LAGOS";6,34615198747113;3,4422380500153;7000;FALSE
"393";"103c0a55";"NGA";"LAGOS";"LAGOS";6,35614113633678;3,46282630333952;7000;FALSE
"394";"103c74c9";"NGA";"LAGOS";"LAGOS";6,33538832015232;3,41177291356226;7000;FALSE
"395";"103c7427";"NGA";"LAGOS";"TIN CAN ISLAND";6,34129162665038;3,34147529079876;7000;FALSE
"396";"103c0ae3";"NGA";"LAGOS";"LAGOS";6,35645985108724;3,44712728692195;7000;FALSE
"397";"103c74c7";"NGA";"LAGOS";"LAGOS";6,33558619887465;3,40711856871974;7000;FALSE
"398";"103c74cb";"NGA";"LAGOS";"LAGOS";6,33530651926993;3,41705463154598;7000;FALSE
"399";"103c0b39";"NGA";"LAGOS";"LAGOS";6,33557113472837;3,43208198184839;7000;FALSE
"400";"103c76ed";"NGA";"LAGOS";"TIN CAN ISLAND";6,34176641575741;3,3164249880026;7000;FALSE
"401";"103c0a57";"NGA";"LAGOS";"LAGOS";6,36137996708258;3,46255957617192;7000;FALSE
"402";"103c74cd";"NGA";"LAGOS";"LAGOS";6,34059042947582;3,41704353688913;7000;FALSE
"403";"103c0b3b";"NGA";"LAGOS";"LAGOS";6,34071006555897;3,43217296978324;7000;FALSE
"404";"103c0b27";"NGA";"LAGOS";"LAGOS";6,3510471229862;3,43227276998955;7000;FALSE
"405";"103c7489";"NGA";"LAGOS";"LAGOS";6,32507608796385;3,38191813054655;7000;FALSE
"406";"103c7697";"NGA";"LAGOS";"TIN CAN ISLAND";6,3364108815659;3,32635302541323;7000;FALSE
"407";"103c0b21";"NGA";"LAGOS";"LAGOS";6,35106416031643;3,43704550155582;7000;FALSE
"408";"103c7461";"NGA";"LAGOS";"LAGOS";6,32998701201924;3,37613489328711;7000;FALSE
"409";"103c769f";"NGA";"LAGOS";"TIN CAN ISLAND";6,33564318165568;3,33634988192076;7000;FALSE
"410";"103c7441";"NGA";"LAGOS";"LAGOS";6,33559026914923;3,36169244510446;7000;FALSE
"411";"103c7693";"NGA";"LAGOS";"TIN CAN ISLAND";6,34129109668143;3,32132242636853;7000;FALSE
"412";"103c0afb";"NGA";"LAGOS";"LAGOS";6,36151038757588;3,45231541628776;7000;FALSE
"413";"103c0b2f";"NGA";"LAGOS";"LAGOS";6,34574246476099;3,42714647566219;7000;FALSE
"414";"103c0b31";"NGA";"LAGOS";"LAGOS";6,34026341566309;3,42759686564464;7000;FALSE
"415";"103c7699";"NGA";"LAGOS";"TIN CAN ISLAND";6,3358520359102;3,33115154629174;7000;FALSE
"416";"103c769b";"NGA";"LAGOS";"TIN CAN ISLAND";6,34139199272834;3,33147896230352;7000;FALSE
"417";"103c0b33";"NGA";"LAGOS";"LAGOS";6,34059974936111;3,42195667011277;7000;FALSE
"418";"103c748d";"NGA";"LAGOS";"LAGOS";6,32983130171974;3,38681832297791;8000;FALSE
"419";"103c0bad";"NGA";"LAGOS";"LAGOS";6,35085048656682;3,46742328892142;8000;FALSE
"420";"103c0b07";"NGA";"LAGOS";"LAGOS";6,34576656028541;3,45709416961658;8000;FALSE
"421";"103c76a3";"NGA";"LAGOS";"TIN CAN ISLAND";6,33175173157559;3,33164091176684;8000;FALSE
"422";"103c0b3d";"NGA";"LAGOS";"LAGOS";6,3403846395111;3,43726123531164;8000;FALSE
"423";"103c7417";"NGA";"LAGOS";"LAGOS";6,33060030262304;3,35142380911116;8000;FALSE
"424";"103c748f";"NGA";"LAGOS";"LAGOS";6,3251658067127;3,38685464772363;8000;FALSE
"425";"103c7469";"NGA";"LAGOS";"LAGOS";6,33086013071807;3,36657818949248;8000;FALSE
"426";"103c7467";"NGA";"LAGOS";"LAGOS";6,33013024588145;3,37189541991986;8000;FALSE
"427";"103c0b4d";"NGA";"LAGOS";"LAGOS";6,32519706487567;3,42208767904794;8000;FALSE
"428";"103c0b1d";"NGA";"LAGOS";"LAGOS";6,35077502650728;3,44749293159018;8000;FALSE
"429";"103c76a7";"NGA";"LAGOS";"TIN CAN ISLAND";6,32501751240572;3,33624186266924;8000;FALSE
"430";"103c74bf";"NGA";"LAGOS";"LAGOS";6,32997599670583;3,40163746791565;8000;FALSE
"431";"103c7419";"NGA";"LAGOS";"LAGOS";6,33019447837229;3,34651107283903;8000;FALSE
"432";"103c741f";"NGA";"LAGOS";"LAGOS";6,3306538037296;3,34121917989296;8000;FALSE
"433";"103c7971";"NGA";"LAGOS";"LAGOS";6,32590375161359;3,21082226610028;8000;FALSE
"434";"103c0b47";"NGA";"LAGOS";"LAGOS";6,32976929976883;3,43250482068573;8000;FALSE
"435";"103c0b1b";"NGA";"LAGOS";"LAGOS";6,34578356807767;3,44740034296378;8000;FALSE
"436";"103c7413";"NGA";"LAGOS";"LAGOS";6,32530741210505;3,35667685417445;8000;FALSE
"437";"103c0bab";"NGA";"LAGOS";"LAGOS";6,35112941185708;3,46265991715042;8000;FALSE
"438";"103c74b5";"NGA";"LAGOS";"LAGOS";6,33000656140214;3,41715871750432;8000;FALSE
"439";"103c0b01";"NGA";"LAGOS";"LAGOS";6,3504084647711;3,457563862672;8000;FALSE
"440";"103c746d";"NGA";"LAGOS";"LAGOS";6,32503906430976;3,36144450328143;8000;FALSE
"441";"103c7493";"NGA";"LAGOS";"LAGOS";6,33022618963124;3,39183021220866;8000;FALSE
"442";"103c74bb";"NGA";"LAGOS";"LAGOS";6,32510873554194;3,4068028799994;8000;FALSE
"443";"103c7415";"NGA";"LAGOS";"LAGOS";6,33064378499107;3,35649223924758;8000;FALSE
"444";"103c746b";"NGA";"LAGOS";"LAGOS";6,33034496244109;3,36137676385961;8000;FALSE
"445";"103c74b9";"NGA";"LAGOS";"LAGOS";6,33016691691617;3,40672122124112;8000;FALSE
"446";"103c0b49";"NGA";"LAGOS";"LAGOS";6,33006010870895;3,42722576128095;8000;FALSE
"447";"103c0b15";"NGA";"LAGOS";"LAGOS";6,33560961968362;3,44207029203087;8000;FALSE
"448";"103c7495";"NGA";"LAGOS";"LAGOS";6,3302055419999;3,39711379327835;8000;FALSE
"449";"103c0b05";"NGA";"LAGOS";"LAGOS";6,34586698442694;3,45256366628139;8000;FALSE
"450";"103c741b";"NGA";"LAGOS";"LAGOS";6,32536208594811;3,3467091160149;8000;FALSE
"451";"103c0b17";"NGA";"LAGOS";"LAGOS";6,34015225469474;3,44240125424578;8000;FALSE
"452";"103c0ba9";"NGA";"LAGOS";"LAGOS";6,34578507573666;3,46248850817572;8000;FALSE
"453";"103c741d";"NGA";"LAGOS";"LAGOS";6,32553607090313;3,34062271922082;8000;FALSE
"454";"103c76a1";"NGA";"LAGOS";"TIN CAN ISLAND";6,33044754482078;3,3369234359151;8000;FALSE
"455";"103c7465";"NGA";"LAGOS";"LAGOS";6,3253517324817;3,37169024634827;8000;FALSE
"456";"103c746f";"NGA";"LAGOS";"LAGOS";6,3251287522591;3,36674053746471;8000;FALSE
"457";"103c0b03";"NGA";"LAGOS";"LAGOS";6,35082722364132;3,45224310132845;8000;FALSE
"458";"103c0b3f";"NGA";"LAGOS";"LAGOS";6,33553095723351;3,43717403961099;8000;FALSE
"459";"103c0b4b";"NGA";"LAGOS";"LAGOS";6,33053613325061;3,42220350979315;8000;FALSE
"460";"103c74b7";"NGA";"LAGOS";"LAGOS";6,33021906857243;3,41177619713408;8000;FALSE
"461";"103c74ad";"NGA";"LAGOS";"LAGOS";6,31993449620709;3,41703444304552;9000;FALSE
"462";"103c0b41";"NGA";"LAGOS";"LAGOS";6,32966101537378;3,43736473706916;9000;FALSE
"463";"103c0b5b";"NGA";"LAGOS";"LAGOS";6,31941074561295;3,43175648194087;9000;FALSE
"464";"103c76b7";"NGA";"LAGOS";"LAGOS";6,32013114615674;3,32092152461806;9000;FALSE
"465";"103c0b51";"NGA";"LAGOS";"LAGOS";6,31936792550098;3,42716686385835;9000;FALSE
"466";"103c7953";"NGA";"LAGOS";"LAGOS";6,3201170877886;3,18121455852856;9000;FALSE
"467";"103c747b";"NGA";"LAGOS";"LAGOS";6,31961161999797;3,3714515120907;9000;FALSE
"468";"103c740d";"NGA";"LAGOS";"LAGOS";6,31996790413911;3,35624467360674;9000;FALSE
"469";"103c749b";"NGA";"LAGOS";"LAGOS";6,31968941296799;3,39188573271893;9000;FALSE
"470";"103c7487";"NGA";"LAGOS";"LAGOS";6,31949168644934;3,38200541788956;9000;FALSE
"471";"103c7471";"NGA";"LAGOS";"LAGOS";6,3199699180854;3,36680146304575;9000;FALSE
"472";"103c7411";"NGA";"LAGOS";"LAGOS";6,3248446672647;3,35147322045486;9000;FALSE
"473";"103c0ba7";"NGA";"LAGOS";"LAGOS";6,33992106050255;3,46265884669313;9000;FALSE
"474";"103c0b0f";"NGA";"LAGOS";"LAGOS";6,34024380497585;3,45236576257188;9000;FALSE
"475";"103c74b1";"NGA";"LAGOS";"LAGOS";6,32482986920781;3,41174419622196;9000;FALSE
"476";"103c0b53";"NGA";"LAGOS";"LAGOS";6,319158837415;3,42249289116794;9000;FALSE
"477";"103c0b0d";"NGA";"LAGOS";"LAGOS";6,33541515431461;3,45192002861538;9000;FALSE
"478";"103c0b09";"NGA";"LAGOS";"LAGOS";6,34093129801665;3,45739306079529;9000;FALSE
"479";"103c74a5";"NGA";"LAGOS";"LAGOS";6,31926353970949;3,40659932979739;9000;FALSE
"480";"103c7409";"NGA";"LAGOS";"LAGOS";6,31502427065621;3,3514526576365;9000;FALSE
"481";"103c7485";"NGA";"LAGOS";"LAGOS";6,31958429555007;3,38693372539999;9000;FALSE
"482";"103c0b4f";"NGA";"LAGOS";"LAGOS";6,32461506098814;3,42741428230772;9000;FALSE
"483";"103c7959";"NGA";"LAGOS";"LAGOS";6,31578308041556;3,19060556985121;9000;FALSE
"484";"103c0b0b";"NGA";"LAGOS";"LAGOS";6,3350839944808;3,45753599718963;9000;FALSE
"485";"103c0b6b";"NGA";"LAGOS";"LAGOS";6,32989907160978;3,44190995992308;9000;FALSE
"486";"103c76af";"NGA";"LAGOS";"TIN CAN ISLAND";6,32008459721983;3,33190960569831;9000;FALSE
"487";"103c7405";"NGA";"LAGOS";"LAGOS";6,31968881837196;3,34662494542293;9000;FALSE
"488";"103c7499";"NGA";"LAGOS";"LAGOS";6,31954593312017;3,39680882627212;9000;FALSE
"489";"103c76c9";"NGA";"LAGOS";"LAGOS";6,31895326826697;3,31598136049523;9000;FALSE
"490";"103c0ba5";"NGA";"LAGOS";"LAGOS";6,33962989868088;3,4674759446202;9000;FALSE
"491";"103c7497";"NGA";"LAGOS";"LAGOS";6,3245463309482;3,39656743175356;9000;FALSE
"492";"103c74a3";"NGA";"LAGOS";"LAGOS";6,31963176062092;3,4019161756239;9000;FALSE
"493";"103c76b1";"NGA";"LAGOS";"LAGOS";6,31984350208161;3,32683016803736;9000;FALSE
"494";"103c740f";"NGA";"LAGOS";"LAGOS";6,3198217341518;3,35127873924389;9000;FALSE
"495";"103c0b13";"NGA";"LAGOS";"LAGOS";6,33527288043622;3,44724703669121;9000;FALSE
"496";"103c74af";"NGA";"LAGOS";"LAGOS";6,31955078010776;3,41230107077483;9000;FALSE
"497";"103c76a9";"NGA";"LAGOS";"LAGOS";6,319949606574;3,33657467783319;9000;FALSE
"498";"103c74bd";"NGA";"LAGOS";"LAGOS";6,32491829360378;3,40202743648181;9000;FALSE
"499";"103c7491";"NGA";"LAGOS";"LAGOS";6,32493886375854;3,39182332331158;9000;FALSE
"500";"103c74b3";"NGA";"LAGOS";"LAGOS";6,32485355559205;3,41683366174222;9000;FALSE
"501";"103c0ba1";"NGA";"LAGOS";"LAGOS";6,33519765147635;3,46253313014811;9000;FALSE
"502";"103c0ba3";"NGA";"LAGOS";"LAGOS";6,33542456726659;3,46714553475509;9000;FALSE
"503";"103c7403";"NGA";"LAGOS";"LAGOS";6,31990610272332;3,34144888721198;9000;FALSE
"504";"103c0b45";"NGA";"LAGOS";"LAGOS";6,32488593315451;3,43223183026878;9000;FALSE
"505";"103c747d";"NGA";"LAGOS";"LAGOS";6,31975372006294;3,37659527814415;9000;FALSE
"506";"103c0b11";"NGA";"LAGOS";"LAGOS";6,33998225690841;3,44722918388457;9000;FALSE
"507";"103c7473";"NGA";"LAGOS";"LAGOS";6,31962786682993;3,36135433896542;9000;FALSE
"508";"10407643";"NGA";"ESCRAVOS";"OGIDIGBE";5,47908697383708;5,08766879950156;10000;FALSE
"509";"103c7479";"NGA";"LAGOS";"LAGOS";6,31428794808853;3,37182227969529;10000;FALSE
"510";"103c74a9";"NGA";"LAGOS";"LAGOS";6,31484142659895;3,41155178796213;10000;FALSE
"511";"103c7481";"NGA";"LAGOS";"LAGOS";6,31440325385536;3,38198911583563;10000;FALSE
"512";"103c76ab";"NGA";"LAGOS";"LAGOS";6,31481915886429;3,33645097803334;10000;FALSE
"513";"103c737f";"NGA";"LAGOS";"LAGOS";6,3088844484835;3,3818405588592;10000;FALSE
"514";"103c0b57";"NGA";"LAGOS";"LAGOS";6,31403167406243;3,42734594293937;10000;FALSE
"515";"103c7981";"NGA";"LAGOS";"LAGOS";6,31534555893936;3,22039710568844;10000;FALSE
"516";"103c795f";"NGA";"LAGOS";"LAGOS";6,31535542176166;3,19560883068805;10000;FALSE
"517";"103c73f9";"NGA";"LAGOS";"LAGOS";6,30941790812416;3,3467163207606;10000;FALSE
"518";"103c0cab";"NGA";"LAGOS";"LAGOS";6,30892823738428;3,42186131110136;10000;FALSE
"519";"103c7135";"NGA";"LAGOS";"LAGOS";6,30956153140566;3,31622396952683;10000;FALSE
"520";"103c7987";"NGA";"LAGOS";"LAGOS";6,3160212754371;3,2259199253307;10000;FALSE
"521";"103c7359";"NGA";"LAGOS";"LAGOS";6,30913317704506;3,40719714564235;10000;FALSE
"522";"103c0b55";"NGA";"LAGOS";"LAGOS";6,31433737747878;3,4213578261247;10000;FALSE
"523";"103c73f7";"NGA";"LAGOS";"LAGOS";6,3091447198056;3,35138609654268;10000;FALSE
"524";"103c7985";"NGA";"LAGOS";"LAGOS NIGERIA";6,32015187018867;3,22515607391476;10000;FALSE
"525";"103c7965";"NGA";"LAGOS";"LAGOS";6,32103491274614;3,20572814097836;10000;FALSE
"526";"103c7407";"NGA";"LAGOS";"LAGOS";6,31436664927194;3,34632647608552;10000;FALSE
"527";"103c749f";"NGA";"LAGOS";"LAGOS";6,31433720997683;3,39652783869659;10000;FALSE
"528";"103c74a7";"NGA";"LAGOS";"LAGOS";6,31451342421271;3,4069352367651;10000;FALSE
"529";"103c797f";"NGA";"LAGOS";"LAGOS";6,31522774871358;3,21561920407041;10000;FALSE
"530";"103c7979";"NGA";"LAGOS";"LAGOS";6,32113234328091;3,21548881221551;10000;FALSE
"531";"103c747f";"NGA";"LAGOS";"LAGOS";6,31421435752081;3,37673556425163;10000;FALSE
"532";"103c0b75";"NGA";"LAGOS";"LAGOS";6,32988363723018;3,45736796874113;10000;FALSE
"533";"103c7989";"NGA";"LAGOS";"LAGOS";6,31502009711206;3,23078859720273;10000;FALSE
"534";"103c714b";"NGA";"LAGOS";"LAGOS";6,30942366220679;3,32141865922471;10000;FALSE
"535";"103c7153";"NGA";"LAGOS";"LAGOS";6,30933537568451;3,33154107224822;10000;FALSE
"536";"103c0b6d";"NGA";"LAGOS";"LAGOS";6,33022906525726;3,44729534479981;10000;FALSE
"537";"103c7155";"NGA";"LAGOS";"LAGOS";6,30928519051745;3,33633155407778;10000;FALSE
"538";"103c0b67";"NGA";"LAGOS";"LAGOS";6,31911992594572;3,44236481685086;10000;FALSE
"539";"103c714d";"NGA";"LAGOS";"LAGOS";6,30947611988008;3,32658941373451;10000;FALSE
"540";"103c0b43";"NGA";"LAGOS";"LAGOS";6,32462465549388;3,43696423635663;10000;FALSE
"541";"103c7387";"NGA";"LAGOS";"LAGOS";6,30889099808399;3,37151642322927;10000;FALSE
"542";"103c7361";"NGA";"LAGOS";"LAGOS";6,30906885014854;3,39665248594724;10000;FALSE
"543";"103c0b65";"NGA";"LAGOS";"LAGOS";6,31961396502519;3,44757129377667;10000;FALSE
"544";"103c0b59";"NGA";"LAGOS";"LAGOS";6,31387145674931;3,43170970126606;10000;FALSE
"545";"103c76b3";"NGA";"LAGOS";"LAGOS NIG";6,31427573041053;3,32643180376399;10000;FALSE
"546";"103c0b69";"NGA";"LAGOS";"LAGOS";6,32494602341152;3,44244085557111;10000;FALSE
"547";"103c738b";"NGA";"LAGOS";"LAGOS";6,30924935063405;3,36114274586692;10000;FALSE
"548";"103c76cf";"NGA";"LAGOS";"LAGOS";6,31961333300303;3,31162981835273;10000;FALSE
"549";"103c0b99";"NGA";"LAGOS";"LAGOS";6,329808368399;3,46716389095805;10000;FALSE
"550";"103c735f";"NGA";"LAGOS";"LAGOS";6,30861555759698;3,40191038558783;10000;FALSE
"551";"103c740b";"NGA";"LAGOS";"LAGOS";6,31435003113541;3,35620472111488;10000;FALSE
"552";"103c74a1";"NGA";"LAGOS";"LAGOS";6,31420994833813;3,4019868672561;10000;FALSE
"553";"103c0b71";"NGA";"LAGOS";"LAGOS";6,32509644603094;3,45278399512899;10000;FALSE
"554";"103c7401";"NGA";"LAGOS";"LAGOS";6,31444585782679;3,34140635845441;10000;FALSE
"555";"103c749d";"NGA";"LAGOS";"LAGOS";6,31415558718692;3,39181188679966;10000;FALSE
"556";"103c0b73";"NGA";"LAGOS";"LAGOS";6,32980279123581;3,45250517584267;10000;FALSE
"557";"103c76cb";"NGA";"LAGOS";"LAGOS";6,31460460780167;3,31620809756895;10000;FALSE
"558";"103c7357";"NGA";"LAGOS";"LAGOS";6,30926433110278;3,41151937312878;10000;FALSE
"559";"103c7381";"NGA";"LAGOS";"LAGOS";6,30889848225546;3,37680972331933;10000;FALSE
"560";"103c7363";"NGA";"LAGOS";"LAGOS";6,30968634840736;3,39187691342737;10000;FALSE
"561";"103c737d";"NGA";"LAGOS";"LAGOS";6,30920310775942;3,38718758317793;10000;FALSE
"562";"103c76ad";"NGA";"LAGOS";"LAGOS";6,31429572870799;3,33127696623451;10000;FALSE
"563";"103c73ff";"NGA";"LAGOS";"LAGOS";6,3093630057613;3,34154821173767;10000;FALSE
"564";"103c7389";"NGA";"LAGOS";"LAGOS";6,30941988961166;3,36652777372379;10000;FALSE
"565";"103c74ab";"NGA";"LAGOS";"LAGOS";6,31424427549613;3,41705321045579;10000;FALSE
"566";"103c7355";"NGA";"LAGOS";"LAGOS";6,30895686177758;3,41668394495904;10000;FALSE
"567";"103c76b5";"NGA";"LAGOS";"LAGOS";6,31458354112614;3,3212467806563;10000;FALSE
"568";"103c0b5d";"NGA";"LAGOS";"LAGOS";6,31872000711183;3,43707438460731;10000;FALSE
"569";"103c7961";"NGA";"LAGOS";"LAGOS";6,31567131023526;3,20133188733549;10000;FALSE
"570";"103c0b77";"NGA";"LAGOS";"LAGOS";6,32506025448531;3,45757760118299;10000;FALSE
"571";"103c0b6f";"NGA";"LAGOS";"LAGOS";6,3247891900549;3,44738451759437;10000;FALSE
"572";"103c7477";"NGA";"LAGOS";"LAGOS";6,31443667989989;3,36625999560524;10000;FALSE
"573";"103c7475";"NGA";"LAGOS";"LAGOS";6,31431458782764;3,3615539924782;10000;FALSE
"574";"103c7983";"NGA";"LAGOS";"LAGOS";6,32073062767236;3,22087990093272;10000;FALSE
"575";"103c7483";"NGA";"LAGOS";"LAGOS";6,31451227261425;3,38671684172206;10000;FALSE
"576";"103c73f5";"NGA";"LAGOS";"LAGOS";6,30929453804035;3,35630582748502;10000;FALSE
"577";"10407871";"NGA";"NGA-81";"NEW ORLEANS";5,56695484224077;5,06735359260052;10000;FALSE
"578";"1040763f";"NGA";"ESCRAVOS";"OGIDIGBE";5,4799928894733;5,078050536251;11000;FALSE
"579";"10407649";"NGA";"ESCRAVOS";"OGIDIGBE";5,49048746206608;5,08345188986806;11000;FALSE
"580";"10407639";"NGA";"ESCRAVOS";"OGIDIGBE";5,48509729112631;5,07824995403081;11000;FALSE
"581";"10407669";"NGA";"ESCRAVOS";"OGIDIGBE";5,47477041784903;5,08887650160471;11000;FALSE
"582";"10407641";"NGA";"ESCRAVOS";"OGIDIGBE";5,48007075905335;5,08285419990009;11000;FALSE
"583";"10407647";"NGA";"ESCRAVOS";"OGIDIGBE";5,48457274005908;5,08316280930522;11000;FALSE
"584";"10407637";"NGA";"ESCRAVOS";"OGIDIGBE";5,48995252081472;5,07820894324158;11000;FALSE
"585";"103c7391";"NGA";"LAGOS";"LAGOS";6,29822550114525;3,36652470653727;11000;FALSE
"586";"103c70d5";"NGA";"LAGOS";"LAGOS";6,3098125653771;3,29600134373098;11000;FALSE
"587";"103c7bd1";"NGA";"LAGOS";"LAGOS";6,30513464781272;3,21038899814888;11000;FALSE
"588";"103c712d";"NGA";"LAGOS";"LAGOS";6,30951541601812;3,30643275406046;11000;FALSE
"589";"103c73f1";"NGA";"LAGOS";"LAGOS";6,30406106662904;3,35111467565472;11000;FALSE
"590";"103c7379";"NGA";"LAGOS";"LAGOS";6,30338701234782;3,38161309386327;11000;FALSE
"591";"103c738d";"NGA";"LAGOS";"LAGOS";6,30359505748952;3,36128034235168;11000;FALSE
"592";"103c772d";"NGA";"LAGOS";"LAGOS";6,3147801863264;3,29075371633689;11000;FALSE
"593";"103c73fd";"NGA";"LAGOS";"LAGOS";6,30394019004716;3,3413030339545;11000;FALSE
"594";"103c73ed";"NGA";"LAGOS";"LAGOS";6,29876997656899;3,35654150075324;11000;FALSE
"595";"103c7133";"NGA";"LAGOS";"LAGOS";6,31008767545943;3,31095590261079;11000;FALSE
"596";"103c7377";"NGA";"LAGOS";"LAGOS";6,29830968555279;3,38130759655271;11000;FALSE
"597";"103c7385";"NGA";"LAGOS";"LAGOS";6,3036584620117;3,37151710641312;11000;FALSE
"598";"103c7bd7";"NGA";"LAGOS";"LAGOS";6,31000556385723;3,21087085993747;11000;FALSE
"599";"103c7371";"NGA";"LAGOS";"LAGOS";6,29871841238794;3,38663464409636;11000;FALSE
"600";"103c735d";"NGA";"LAGOS";"LAGOS";6,30397105571534;3,4017854945978;11000;FALSE
"601";"103c739b";"NGA";"LAGOS";"LAGOS";6,29850621447768;3,37164356291186;11000;FALSE
"602";"103c0b63";"NGA";"LAGOS";"LAGOS";6,31366945240913;3,44780001454423;11000;FALSE
"603";"103c7383";"NGA";"LAGOS";"LAGOS";6,30347702150162;3,37615698853;11000;FALSE
"604";"103c73e3";"NGA";"LAGOS";"LAGOS";6,298750257089;3,3415202255833;11000;FALSE
"605";"103c73fb";"NGA";"LAGOS";"LAGOS";6,30358132542758;3,34618230289958;11000;FALSE
"606";"103c7bfb";"NGA";"LAGOS";"LAGOS";6,30510456940214;3,18547186688135;11000;FALSE
"607";"103c7145";"NGA";"LAGOS";"LAGOS";6,29879255777477;3,32619316663151;11000;FALSE
"608";"103c73ef";"NGA";"LAGOS";"LAGOS";6,29862892233708;3,35173158052968;11000;FALSE
"609";"103c7bd9";"NGA";"LAGOS";"LAGOS";6,3101328074546;3,20548528572831;11000;FALSE
"610";"103c76d3";"NGA";"LAGOS";"LAGOS";6,31479346717602;3,30622378389802;11000;FALSE
"611";"103c0b79";"NGA";"LAGOS";"LAGOS";6,31959574346542;3,45734356325268;11000;FALSE
"612";"103c7be1";"NGA";"LAGOS";"LAGOS";6,30980783266236;3,1951785721336;11000;FALSE
"613";"103c7343";"NGA";"LAGOS";"LAGOS";6,29827306427403;3,40178004492333;11000;FALSE
"614";"103c7a27";"NGA";"LAGOS";"LAGOS";6,30994626651905;3,2311130098618;11000;FALSE
"615";"103c73e5";"NGA";"LAGOS";"LAGOS";6,29864342832414;3,34653454104365;11000;FALSE
"616";"103c712b";"NGA";"LAGOS";"LAGOS";6,30935549961598;3,30108009112367;11000;FALSE
"617";"103c7733";"NGA";"LAGOS";"LAGOS";6,31440398649975;3,28589134752396;11000;FALSE
"618";"103c7a29";"NGA";"LAGOS";"LAGOS";6,30977538480046;3,22588608482958;11000;FALSE
"619";"103c7157";"NGA";"LAGOS";"LAGOS";6,30402665622891;3,33644758871658;11000;FALSE
"620";"103c737b";"NGA";"LAGOS";"LAGOS";6,30369635380798;3,38673751390796;11000;FALSE
"621";"103c7be7";"NGA";"LAGOS";"LAGOS";6,30503402222701;3,19579849823609;11000;FALSE
"622";"103c739d";"NGA";"LAGOS";"LAGOS";6,29809437815427;3,37693347477563;11000;FALSE
"623";"103c7bdf";"NGA";"LAGOS";"LAGOS";6,30988991227309;3,20044092832468;11000;FALSE
"624";"103c7367";"NGA";"LAGOS";"LAGOS";6,30423220733912;3,39669823844228;11000;FALSE
"625";"103c7351";"NGA";"LAGOS";"LAGOS";6,30378730535964;3,4116071493589;11000;FALSE
"626";"103c734d";"NGA";"LAGOS";"LAGOS";6,2982809820662;3,41709120722331;11000;FALSE
"627";"103c7353";"NGA";"LAGOS";"LAGOS";6,30403364257839;3,41688744014362;11000;FALSE
"628";"103c7bdb";"NGA";"LAGOS";"LAGOS";6,30500073987711;3,20573879688452;11000;FALSE
"629";"103c73f3";"NGA";"LAGOS";"LAGOS";6,30407679238534;3,35662751946847;11000;FALSE
"630";"103c76d5";"NGA";"LAGOS";"LAGOS";6,31470272628885;3,30131351130763;11000;FALSE
"631";"103c772b";"NGA";"LAGOS";"LAGOS";6,31485224080497;3,29638540976141;11000;FALSE
"632";"103c7bf9";"NGA";"LAGOS";"LAGOS";6,30520184829402;3,1806803012984;11000;FALSE
"633";"103c738f";"NGA";"LAGOS";"LAGOS";6,30362950945161;3,36673629121472;11000;FALSE
"634";"103c714f";"NGA";"LAGOS";"LAGOS";6,30389680429705;3,32613496022709;11000;FALSE
"635";"103c7393";"NGA";"LAGOS";"LAGOS";6,29877706252213;3,36145265272213;11000;FALSE
"636";"103c7345";"NGA";"LAGOS";"LAGOS";6,29834936883737;3,40665838937226;11000;FALSE
"637";"103c715b";"NGA";"LAGOS";"LAGOS";6,29932549003529;3,33115391450859;11000;FALSE
"638";"103c7a2b";"NGA";"LAGOS";"LAGOS";6,30993861263697;3,22045157309266;11000;FALSE
"639";"103c0b5f";"NGA";"LAGOS";"LAGOS";6,3140082267596;3,43758972436841;11000;FALSE
"640";"103c7365";"NGA";"LAGOS";"LAGOS";6,30385923446673;3,39166645571062;11000;FALSE
"641";"103c734f";"NGA";"LAGOS";"LAGOS";6,29800017558253;3,41184198413871;11000;FALSE
"642";"103c7151";"NGA";"LAGOS";"LAGOS";6,30399769083241;3,33162730648298;11000;FALSE
"643";"103c7159";"NGA";"LAGOS";"LAGOS";6,29865921430948;3,33677018714306;11000;FALSE
"644";"103c7bd5";"NGA";"LAGOS";"LAGOS";6,31031593301764;3,21550680383378;11000;FALSE
"645";"103c7369";"NGA";"LAGOS";"LAGOS";6,29841531638269;3,39716240708083;11000;FALSE
"646";"103c76cd";"NGA";"LAGOS";"LAGOS";6,3143565152358;3,31119302783307;11000;FALSE
"647";"103c735b";"NGA";"LAGOS";"LAGOS";6,3038375540643;3,40697521299256;11000;FALSE
"648";"103c736f";"NGA";"LAGOS";"LAGOS";6,29838017465949;3,39199695558666;11000;FALSE
"649";"103c7a23";"NGA";"LAGOS";"LAGOS";6,3050327390379;3,23546264606095;11000;FALSE
"650";"103f78c1";"NGA";"NGA-51";"WARRI";5,73360146261107;4,95909392156852;11000;FALSE
"651";"1040763d";"NGA";"ESCRAVOS";"OGIDIGBE";5,47980633018903;5,07340229301033;12000;FALSE
"652";"10407615";"NGA";"ESCRAVOS";"OGIDIGBE";5,47498517200744;5,07771693360396;12000;FALSE
"653";"10407613";"NGA";"ESCRAVOS";"OGIDIGBE";5,46966459947265;5,07818497529153;12000;FALSE
"654";"1040766b";"NGA";"ESCRAVOS";"OGIDIGBE";5,47475744966638;5,08317433846848;12000;FALSE
"655";"10407625";"NGA";"ESCRAVOS";"OGIDIGBE";5,48498124613732;5,06814561712318;12000;FALSE
"656";"1040760b";"NGA";"ESCRAVOS";"OGIDIGBE";5,45876086374834;5,07794148370699;12000;FALSE
"657";"103c70d7";"NGA";"LAGOS";"LAGOS";6,30416129173537;3,29587337267207;12000;FALSE
"658";"103c70c9";"NGA";"LAGOS";"LAGOS";6,30389757262658;3,28127767087924;12000;FALSE
"659";"103c736b";"NGA";"LAGOS";"LAGOS";6,29313656843529;3,39680046870513;12000;FALSE
"660";"103c739f";"NGA";"LAGOS";"LAGOS";6,29309661110872;3,37675249348066;12000;FALSE
"661";"103c7a31";"NGA";"LAGOS";"LAGOS";6,29917311822466;3,22558376053564;12000;FALSE
"662";"103c7397";"NGA";"LAGOS";"LAGOS";6,29334372213571;3,36645919466305;12000;FALSE
"663";"103c7a2f";"NGA";"LAGOS";"LAGOS";6,30486572780374;3,22553274452069;12000;FALSE
"664";"103c7bd3";"NGA";"LAGOS";"LAGOS";6,30484494842865;3,2159701956191;12000;FALSE
"665";"103c712f";"NGA";"LAGOS";"LAGOS";6,30414686546655;3,30600060659409;12000;FALSE
"666";"103c73bf";"NGA";"LAGOS";"LAGOS";6,28802797924604;3,36180211514878;12000;FALSE
"667";"103c730b";"NGA";"LAGOS";"LAGOS";6,28797292811581;3,38184566349743;12000;FALSE
"668";"103c7bc5";"NGA";"LAGOS";"LAGOS";6,29976556038003;3,20555835477711;12000;FALSE
"669";"103c73a3";"NGA";"LAGOS";"LAGOS";6,28757825707148;3,37169160750792;12000;FALSE
"670";"103c7bcd";"NGA";"LAGOS";"LAGOS";6,29968119389697;3,21556143133885;12000;FALSE
"671";"103c7a33";"NGA";"LAGOS";"LAGOS";6,29981878585967;3,22094005737224;12000;FALSE
"672";"103c7399";"NGA";"LAGOS";"LAGOS";6,29336158532579;3,3714094414023;12000;FALSE
"673";"103c7395";"NGA";"LAGOS";"LAGOS";6,29329071946662;3,36161241128021;12000;FALSE
"674";"103c7131";"NGA";"LAGOS";"LAGOS";6,30438122688762;3,31149861998286;12000;FALSE
"675";"103c73eb";"NGA";"LAGOS";"LAGOS";6,29336231525975;3,3562939944359;12000;FALSE
"676";"103c730d";"NGA";"LAGOS";"LAGOS";6,28794146480995;3,386128333323;12000;FALSE
"677";"103c7a2d";"NGA";"LAGOS";"LAGOS";6,30449032884028;3,22052551042639;12000;FALSE
"678";"103c7bc3";"NGA";"LAGOS";"LAGOS";6,29970922365438;3,20075590749802;12000;FALSE
"679";"103c7375";"NGA";"LAGOS";"LAGOS";6,29341793035784;3,3816605808549;12000;FALSE
"680";"103c70c7";"NGA";"LAGOS";"LAGOS";6,29880314778969;3,28084566008274;12000;FALSE
"681";"103c7137";"NGA";"LAGOS";"LAGOS";6,30426181184992;3,31630833597633;12000;FALSE
"682";"103c73dd";"NGA";"LAGOS";"LAGOS";6,28804654176519;3,34614009287186;12000;FALSE
"683";"103c7161";"NGA";"LAGOS";"LAGOS";6,28839764686846;3,33588300271997;12000;FALSE
"684";"103c715f";"NGA";"LAGOS";"LAGOS";6,2934541220058;3,33652710512908;12000;FALSE
"685";"103c7139";"NGA";"LAGOS";"LAGOS";6,29948324256456;3,31631064899337;12000;FALSE
"686";"103c7149";"NGA";"LAGOS";"LAGOS";6,30416093913934;3,32133948376205;12000;FALSE
"687";"103c7127";"NGA";"LAGOS";"LAGOS";6,29960454321898;3,3007117900531;12000;FALSE
"688";"103c73e1";"NGA";"LAGOS";"LAGOS";6,29328184984069;3,34171409031358;12000;FALSE
"689";"103c7125";"NGA";"LAGOS";"LAGOS";6,29812341691584;3,30632280049063;12000;FALSE
"690";"103c7129";"NGA";"LAGOS";"LAGOS";6,30329044555293;3,30077861346227;12000;FALSE
"691";"103c7bcf";"NGA";"LAGOS";"LAGOS";6,29926860686966;3,21070066203514;12000;FALSE
"692";"103c7341";"NGA";"LAGOS";"LAGOS";6,29304446738164;3,40239676962747;12000;FALSE
"693";"103c7be9";"NGA";"LAGOS";"LAGOS";6,29958966838959;3,19544023662473;12000;FALSE
"694";"103c7a17";"NGA";"LAGOS";"LAGOS";6,2990584146251;3,23986188500948;12000;FALSE
"695";"103c70d9";"NGA";"LAGOS";"LAGOS";6,29956579379144;3,29581568211332;12000;FALSE
"696";"103c7a25";"NGA";"LAGOS";"LAGOS";6,30433234331353;3,23105013378563;12000;FALSE
"697";"103c73df";"NGA";"LAGOS";"LAGOS";6,28837742497871;3,34109087489152;12000;FALSE
"698";"103c7147";"NGA";"LAGOS";"LAGOS";6,29928813786257;3,32124692518952;12000;FALSE
"699";"103c70db";"NGA";"LAGOS";"LAGOS";6,2987909590063;3,29087810353712;12000;FALSE
"700";"103c7a3d";"NGA";"LAGOS";"LAGOS";6,29947193132473;3,23548580849683;12000;FALSE
"701";"103c73c1";"NGA";"LAGOS";"LAGOS";6,28848870526741;3,35662088235215;12000;FALSE
"702";"103c7bdd";"NGA";"LAGOS";"LAGOS";6,30475433877956;3,20043618771696;12000;FALSE
"703";"103c73c3";"NGA";"LAGOS";"LAGOS";6,28799424606206;3,35181970303199;12000;FALSE
"704";"103c713b";"NGA";"LAGOS";"LAGOS";6,2989703227763;3,31178490858576;12000;FALSE
"705";"103c7a3b";"NGA";"LAGOS";"LAGOS";6,29911928570246;3,23084451352394;12000;FALSE
"706";"103c73a1";"NGA";"LAGOS";"LAGOS";6,28825289632627;3,37659568280039;12000;FALSE
"707";"103c73bd";"NGA";"LAGOS";"LAGOS";6,28803154226071;3,36717114012966;12000;FALSE
"708";"103c73e7";"NGA";"LAGOS";"LAGOS";6,29361300624406;3,34632515480855;12000;FALSE
"709";"103c736d";"NGA";"LAGOS";"LAGOS";6,29297090001239;3,39123908023727;12000;FALSE
"710";"103c73e9";"NGA";"LAGOS";"LAGOS";6,29383857599299;3,35150327223295;12000;FALSE
"711";"103c7373";"NGA";"LAGOS";"LAGOS";6,29279919901099;3,38655827178308;12000;FALSE
"712";"1067d44d";"NGA";"OKORO FIELD";"ONNE";4,41067314654783;7,83248660057047;12000;FALSE
"713";"1067d5b1";"NGA";"OKORO FIELD";"OKORO FIELD";4,40988022931074;7,82098882557178;12000;FALSE
"714";"1067d5b3";"NGA";"OKORO FIELD";"OKORO FIELD";4,4092959367574;7,82478574350656;12000;FALSE
"715";"10407617";"NGA";"ESCRAVOS";"OGIDIGBE";5,47497167794358;5,07291491715607;13000;FALSE
"716";"10407611";"NGA";"ESCRAVOS";"OGIDIGBE";5,46943226553235;5,07314941162765;13000;FALSE
"717";"1040761b";"NGA";"ESCRAVOS";"OGIDIGBE";5,46933684723727;5,06772002621425;13000;FALSE
"718";"1040760f";"NGA";"ESCRAVOS";"OGIDIGBE";5,46448098647763;5,07319399907582;13000;FALSE
"719";"103c7beb";"NGA";"LAGOS";"LAGOS";6,29441779858917;3,19513232745515;13000;FALSE
"720";"103c7b8d";"NGA";"LAGOS";"LAGOS";6,28895563141531;3,18616595189054;13000;FALSE
"721";"103c713f";"NGA";"LAGOS";"LAGOS";6,29344730727202;3,31639569177989;13000;FALSE
"722";"103c7141";"NGA";"LAGOS";"LAGOS";6,29422329841127;3,3218959174739;13000;FALSE
"723";"103c7a41";"NGA";"LAGOS";"LAGOS";6,28867489485871;3,23556111334211;13000;FALSE
"724";"103c7bf3";"NGA";"LAGOS";"LAGOS";6,2938672332429;3,18582991330412;13000;FALSE
"725";"103c7c0b";"NGA";"LAGOS";"LAGOS";6,29403559480581;3,17552294333483;13000;FALSE
"726";"103c717d";"NGA";"LAGOS";"LAGOS";6,27758101222146;3,33591794924762;13000;FALSE
"727";"103c7169";"NGA";"LAGOS";"LAGOS";6,28872366685951;3,32624118113095;13000;FALSE
"728";"103c7bc1";"NGA";"LAGOS";"LAGOS";6,29376624948008;3,20120870013609;13000;FALSE
"729";"103c716b";"NGA";"LAGOS";"LAGOS";6,28829031690551;3,32151786120956;13000;FALSE
"730";"103c7a39";"NGA";"LAGOS";"LAGOS";6,2937853980608;3,23084363011601;13000;FALSE
"731";"103c70dd";"NGA";"LAGOS";"LAGOS";6,29389534048909;3,29053397349186;13000;FALSE
"732";"103c73c5";"NGA";"LAGOS";"LAGOS";6,28278131286933;3,35158301579903;13000;FALSE
"733";"103c73bb";"NGA";"LAGOS";"LAGOS";6,28278656911374;3,36625557746038;13000;FALSE
"734";"103c7a6b";"NGA";"LAGOS";"LAGOS";6,28872237374905;3,24033885280054;13000;FALSE
"735";"103c73d1";"NGA";"LAGOS";"LAGOS";6,27757623924165;3,34634741437001;13000;FALSE
"736";"103c715d";"NGA";"LAGOS";"LAGOS";6,29354921958392;3,331101116626;13000;FALSE
"737";"103c73d9";"NGA";"LAGOS";"LAGOS";6,28284265422809;3,34166319779459;13000;FALSE
"738";"103c7b95";"NGA";"LAGOS";"LAGOS";6,28871795654993;3,19538045960492;13000;FALSE
"739";"103c73a7";"NGA";"LAGOS";"LAGOS";6,28272697712959;3,37705867965154;13000;FALSE
"740";"103c7a49";"NGA";"LAGOS";"LAGOS";6,28926542773812;3,22553916630712;13000;FALSE
"741";"103c7bc9";"NGA";"LAGOS";"LAGOS";6,29405591489515;3,21045015709901;13000;FALSE
"742";"103c73a5";"NGA";"LAGOS";"LAGOS";6,28296026529432;3,37161314166791;13000;FALSE
"743";"103c7123";"NGA";"LAGOS";"LAGOS";6,29400666620995;3,30641759176345;13000;FALSE
"744";"103c73cf";"NGA";"LAGOS";"LAGOS";6,27777031687467;3,35158708015543;13000;FALSE
"745";"103c711f";"NGA";"LAGOS";"LAGOS";6,28800768674251;3,30147954928234;13000;FALSE
"746";"103c7119";"NGA";"LAGOS";"LAGOS";6,28888527321208;3,30590835768488;13000;FALSE
"747";"103c713d";"NGA";"LAGOS";"LAGOS";6,29320717855796;3,31191617131179;13000;FALSE
"748";"103c7bb5";"NGA";"LAGOS";"LAGOS";6,28902953917146;3,21563989020918;13000;FALSE
"749";"103c7a15";"NGA";"LAGOS";"LAGOS";6,29460735136761;3,2397801983002;13000;FALSE
"750";"103c73c7";"NGA";"LAGOS";"LAGOS";6,28230449792716;3,35629911973933;13000;FALSE
"751";"103c7a3f";"NGA";"LAGOS";"LAGOS";6,29408553229379;3,23570273659477;13000;FALSE
"752";"103c7117";"NGA";"LAGOS";"LAGOS";6,28821106607268;3,31089513508097;13000;FALSE
"753";"103c7a35";"NGA";"LAGOS";"LAGOS";6,29429419308357;3,22063159078617;13000;FALSE
"754";"103c7143";"NGA";"LAGOS";"LAGOS";6,29359409895428;3,32645098867216;13000;FALSE
"755";"103c7bbf";"NGA";"LAGOS";"LAGOS";6,28901022098008;3,20106368451793;13000;FALSE
"756";"103c7115";"NGA";"LAGOS";"LAGOS";6,28818343466418;3,31608780244745;13000;FALSE
"757";"103c7a47";"NGA";"LAGOS";"LAGOS";6,2888770724884;3,23039528176643;13000;FALSE
"758";"103c7bb7";"NGA";"LAGOS";"LAGOS";6,28899546164068;3,210397048913;13000;FALSE
"759";"103c7bed";"NGA";"LAGOS";"LAGOS";6,29420555698701;3,19029538343029;13000;FALSE
"760";"103c73b9";"NGA";"LAGOS";"LAGOS";6,28241283927228;3,36156564066177;13000;FALSE
"761";"103c73d7";"NGA";"LAGOS";"LAGOS";6,27828551958341;3,34106917680904;13000;FALSE
"762";"103c7a37";"NGA";"LAGOS";"LAGOS";6,29429183237065;3,22589884543397;13000;FALSE
"763";"103c73db";"NGA";"LAGOS";"LAGOS";6,28245407445844;3,34619341539418;13000;FALSE
"764";"103c7bc7";"NGA";"LAGOS";"LAGOS";6,29381176822587;3,20584860965255;13000;FALSE
"765";"103c70e1";"NGA";"LAGOS";"LAGOS";6,28812906943238;3,296507112365;13000;FALSE
"766";"103c7b93";"NGA";"LAGOS";"LAGOS";6,28896462058104;3,19009025430731;13000;FALSE
"767";"103c7bcb";"NGA";"LAGOS";"LAGOS";6,29351212286242;3,21558146889904;13000;FALSE
"768";"103c7bb9";"NGA";"LAGOS";"LAGOS";6,28860302024443;3,20554482753457;13000;FALSE
"769";"103c7a4b";"NGA";"LAGOS";"LAGOS";6,28856772062906;3,22085109101823;13000;FALSE
"770";"103c7163";"NGA";"LAGOS";"LAGOS";6,28286107147016;3,33714493643583;13000;FALSE
"771";"103f79c3";"NGA";"NGA-29";"NIL";5,76971973358217;4,90656633509672;13000;FALSE
"772";"1040761f";"NGA";"ESCRAVOS";"OGIDIGBE";5,4745575483831;5,06243485981113;14000;FALSE
"773";"1040761d";"NGA";"ESCRAVOS";"OGIDIGBE";5,46961485953284;5,06253036599541;14000;FALSE
"774";"103c7a5b";"NGA";"LAGOS";"LAGOS";6,27838282629128;3,23086040022731;14000;FALSE
"775";"103c7ba5";"NGA";"LAGOS";"LAGOS";6,27832728476402;3,20568577005773;14000;FALSE
"776";"103c7a4f";"NGA";"LAGOS";"LAGOS";6,28360744304044;3,22537294640932;14000;FALSE
"777";"103c7bad";"NGA";"LAGOS";"LAGOS";6,27821126202738;3,21618329888499;14000;FALSE
"778";"103c7b91";"NGA";"LAGOS";"LAGOS";6,28368869694277;3,19076063498752;14000;FALSE
"779";"103c717b";"NGA";"LAGOS";"LAGOS";6,27704355112417;3,33117319125896;14000;FALSE
"780";"103c716d";"NGA";"LAGOS";"LAGOS";6,28361717586507;3,32182370534926;14000;FALSE
"781";"103c7a43";"NGA";"LAGOS";"LAGOS";6,28338023366109;3,23546222736057;14000;FALSE
"782";"103c7a53";"NGA";"LAGOS";"LAGOS";6,27806155785528;3,22067327661034;14000;FALSE
"783";"103c7bb3";"NGA";"LAGOS";"LAGOS";6,28395000209825;3,21564256697874;14000;FALSE
"784";"103c7165";"NGA";"LAGOS";"LAGOS";6,28221827176021;3,33095794239359;14000;FALSE
"785";"103c7b97";"NGA";"LAGOS";"LAGOS";6,28370061440854;3,19514845702063;14000;FALSE
"786";"103c7bbb";"NGA";"LAGOS";"LAGOS";6,28392039771101;3,20571633802329;14000;FALSE
"787";"103c7bbd";"NGA";"LAGOS";"LAGOS";6,28340678790795;3,20053445265799;14000;FALSE
"788";"103c7b99";"NGA";"LAGOS";"LAGOS";6,2782505593366;3,19500095256989;14000;FALSE
"789";"103c7ba3";"NGA";"LAGOS";"LAGOS";6,27794175264657;3,20104719306291;14000;FALSE
"790";"103c73b5";"NGA";"LAGOS";"LAGOS";6,27163436645704;3,36106955253992;14000;FALSE
"791";"103c716f";"NGA";"LAGOS";"LAGOS";6,28337261015813;3,32627917311084;14000;FALSE
"792";"103c7b9b";"NGA";"LAGOS";"LAGOS";6,27779885425118;3,19049754236281;14000;FALSE
"793";"103c7a51";"NGA";"LAGOS";"LAGOS";6,27801420008569;3,22571852103984;14000;FALSE
"794";"103c7a4d";"NGA";"LAGOS";"LAGOS";6,28362538743686;3,22044938244646;14000;FALSE
"795";"103c7bb1";"NGA";"LAGOS";"LAGOS";6,28368248161636;3,21078182390212;14000;FALSE
"796";"103c7a5d";"NGA";"LAGOS";"LAGOS";6,27838388470119;3,23575830050251;14000;FALSE
"797";"103c7baf";"NGA";"LAGOS";"LAGOS";6,27820937424955;3,21057590767346;14000;FALSE
"798";"103c7b8f";"NGA";"LAGOS";"LAGOS";6,2837758210928;3,1848361043706;14000;FALSE
"799";"103c7a45";"NGA";"LAGOS";"LAGOS";6,28396063951714;3,23093294155294;14000;FALSE
"800";"103c7b85";"NGA";"LAGOS";"LAGOS";6,27807249155043;3,1854474269101;14000;FALSE
"801";"103f89f9";"NGA";"ESCRAVOS";"OGIDIGBE";5,45889365188425;5,05245114774875;15000;FALSE
"802";"103c7b9f";"NGA";"LAGOS";"LAGOS";6,27338944299727;3,19528694136867;15000;FALSE
"803";"103c7a57";"NGA";"LAGOS";"LAGOS";6,27332459989104;3,22542714002126;15000;FALSE
"804";"103c7b09";"NGA";"LAGOS";"LAGOS";6,26808225764636;3,20554465691367;15000;FALSE
"805";"103c7a5f";"NGA";"LAGOS";"LAGOS";6,27291479566192;3,2354803094039;15000;FALSE
"806";"103c7b01";"NGA";"LAGOS";"LAGOS";6,26766431906935;3,2156588243943;15000;FALSE
"807";"103c7b77";"NGA";"LAGOS";"LAGOS";6,2684388978415;3,19047993824324;15000;FALSE
"808";"103c7b83";"NGA";"LAGOS";"LAGOS";6,27395657448327;3,18563076586607;15000;FALSE
"809";"103c7ba7";"NGA";"LAGOS";"LAGOS";6,27313707418642;3,20562846813161;15000;FALSE
"810";"103c7b9d";"NGA";"LAGOS";"LAGOS";6,27304906303189;3,19058453741062;15000;FALSE
"811";"103c7bab";"NGA";"LAGOS";"LAGOS";6,27314136164159;3,21588219841601;15000;FALSE
"812";"103c7af9";"NGA";"LAGOS";"LAGOS";6,26839135801661;3,2251394142467;15000;FALSE
"813";"103c7ba1";"NGA";"LAGOS";"LAGOS";6,2733958457919;3,2002782244317;15000;FALSE
"814";"103c7ba9";"NGA";"LAGOS";"LAGOS";6,27324350730323;3,21053666838719;15000;FALSE
"815";"103c7a55";"NGA";"LAGOS";"LAGOS";6,27313267899966;3,22080721799582;15000;FALSE
"816";"103c7aff";"NGA";"LAGOS";"LAGOS";6,26740242870433;3,22028256451176;15000;FALSE
"817";"103c7b07";"NGA";"LAGOS";"LAGOS";6,2682609760142;3,21054448821319;15000;FALSE
"818";"103c7a59";"NGA";"LAGOS";"LAGOS";6,27327085169024;3,23019484975621;15000;FALSE
"819";"103c7b0b";"NGA";"LAGOS";"LAGOS";6,26784376506099;3,20114318577221;15000;FALSE
"820";"103c7afd";"NGA";"LAGOS";"LAGOS";6,26242683448418;3,22068471586468;16000;FALSE
"821";"106abc0b";"NGA";"SEA EAGLE TERMINAL";"SEA EAGLE TERMINAL";4,80776065849751;5,31339360034843;19000;FALSE
"822";"103f88c5";"NGA";"ESCRAVOS OIL TERMINAL";"ESCRAVOS OIL TERMINAL";5,51265975603635;4,99018302214379;20000;FALSE
"823";"104005b5";"NGA";"FORCADOS TERMINAL";"FORCADOS OIL TERMINAL";5,1665611277055;5,16689648620686;20000;FALSE
"824";"1040044d";"NGA";"FORCADOS TERMINAL";"FORCADOS OIL TERMINAL";5,16149831412673;5,17236830197601;20000;FALSE
"825";"104005b7";"NGA";"FORCADOS TERMINAL";"FORCADOS OIL TERMINAL";5,17168293037447;5,1662610212856;20000;FALSE
"826";"104005c9";"NGA";"FORCADOS TERMINAL";"FORCADOS OIL TERMINAL";5,17170910427147;5,16316407337708;21000;FALSE
"827";"1068e547";"NGA";"BONNY TERMINAL";"BONNY OFFSHORE TERMINAL";4,18716631061132;7,24463873032523;22000;FALSE
"828";"104008af";"NGA";"NGA-52";"FORCADOS";5,21294123193364;5,13521348183863;22000;FALSE
"829";"1068e519";"NGA";"BONNY TERMINAL";"BONNY OFFSHORE TERMINAL";4,17559991980935;7,23075276172893;23000;FALSE
"830";"103f8f3d";"NGA";"ESCRAVOS";"ESCRAVOS";5,51201280454952;4,95836854571283;23000;FALSE
"831";"103f8f23";"NGA";"ESCRAVOS";"ESCRAVOS";5,50784246277379;4,95887817169026;23000;FALSE
"832";"103f763f";"NGA";"NGA-53";"UKPOKITI MARINE TERMINAL";5,72729467650385;4,83209827133945;23000;FALSE
"833";"1068e51b";"NGA";"BONNY TERMINAL";"BONNY OFFSHORE TERMINAL";4,17310777338197;7,2314164138408;24000;FALSE
"834";"1068e51d";"NGA";"BONNY TERMINAL";"BONNY OFFSHORE TERMINAL";4,1719699815346;7,22580979893665;24000;FALSE
"835";"1068e56b";"NGA";"BONNY TERMINAL";"BONNY OFFSHORE TERMINAL";4,1768607959737;7,24758610351556;24000;FALSE
"836";"1068f2f5";"NGA";"IMA TERMINAL";"IMA TERMINAL";4,22132558839845;7,39683156675404;24000;FALSE
"837";"1068f25f";"NGA";"IMA TERMINAL";"IMA TERMINAL";4,22164943565607;7,39357987471383;24000;FALSE
"838";"106bddc1";"NGA";"BRASS";"BRASS OIL TERMINAL";4,06819884489507;6,30408845723033;26000;FALSE
"839";"106bddbf";"NGA";"BRASS";"BRASS OIL TERMINAL";4,06761937724717;6,29968311098287;26000;FALSE
"840";"1068822b";"NGA";"NGA-32";"ONNE";4,27481983790659;7,74538894046209;26000;FALSE
"841";"103f8e53";"NGA";"ESCRAVOS FIELD";"ESCRAVOS";5,49679950614898;4,92823747099296;27000;FALSE
"842";"103f8e57";"NGA";"ESCRAVOS FIELD";"ESCRAVOS";5,4919250642736;4,93299423646478;27000;FALSE
"843";"103f8e55";"NGA";"ESCRAVOS FIELD";"ESCRAVOS";5,49608555551573;4,93191304554404;27000;FALSE
"844";"103f8e51";"NGA";"ESCRAVOS FIELD";"ESCRAVOS NIGERIA";5,4929235607048;4,92849384290146;27000;FALSE
"845";"106b05b1";"NGA";"PENNINGTON TERMINAL";"PENNINGTON OIL TERMINAL";4,24655499162534;5,61722608242334;29000;FALSE
"846";"1068e19b";"NGA";"BONNY TERMINAL";"BONNY TERMINAL";4,10756018939598;7,12850126166756;30000;FALSE
"847";"1068e185";"NGA";"BONNY TERMINAL";"SHELL SLOT BONNY";4,11097178963617;7,12822482308385;30000;FALSE
"848";"10664e07";"NGA";"NGA-7";"ONNE PORT";4,26744570921857;8,30066337131598;30000;FALSE
"849";"10664e01";"NGA";"NGA-7";"ONNE PORT";4,26766477163902;8,3059877057901;30000;FALSE
"850";"106b05bb";"NGA";"PENNINGTON TERMINAL";"PENNINGTON OIL TERMINAL";4,24135871101245;5,61730576197224;30000;FALSE
"851";"106b05a9";"NGA";"PENNINGTON TERMINAL";"PENNINGTON OIL TERMINAL";4,24703857638576;5,60711697925209;30000;FALSE
"852";"106b05ab";"NGA";"PENNINGTON TERMINAL";"PENNINGTON OIL TERMINAL";4,25111689585581;5,60673885315361;30000;FALSE
"853";"106b0507";"NGA";"PENNINGTON TERMINAL";"PENNINGTON OIL TERMINAL";4,24813943504421;5,60241524130135;30000;FALSE
"854";"106b05af";"NGA";"PENNINGTON TERMINAL";"PENNINGTON OIL TERMINAL";4,24456321153985;5,61297070918979;30000;FALSE
"855";"106b0501";"NGA";"PENNINGTON TERMINAL";"PENNINGTON OIL TERMINAL";4,25211313970232;5,60161083966435;30000;FALSE
"856";"1068e191";"NGA";"BONNY TERMINAL";"T MANIS";4,10767780539045;7,12298759249649;31000;FALSE
"857";"1068e18f";"NGA";"BONNY TERMINAL";"T MANIS";4,11098869544727;7,12292501358612;31000;FALSE
"858";"103f906f";"NGA";"ESCRAVOS";"ESCRAVOS";5,52843033620478;4,86445508025909;32000;FALSE
"859";"103f9065";"NGA";"ESCRAVOS";"ESCRAVOS";5,52959201867316;4,86027034470022;32000;FALSE
"860";"10662e2b";"NGA";"NGA-19";"CAPE TOWN";4,23615427173111;7,9559185815481;33000;FALSE
"861";"106893b9";"NGA";"AMENAM";"AMENAM";4,1441008359782;7,50065533142607;34000;FALSE
"862";"106893bf";"NGA";"AMENAM";"AMENAM";4,13938026993935;7,49966484734152;34000;FALSE
"863";"10662fd5";"NGA";"NGA-19";"NAGIRIA";4,23008959674076;7,95604347801106;34000;FALSE
"864";"10663725";"NGA";"QUA IBOE TERMINAL";"QUA IBOE OIL TERMINAL";4,22650945381505;8,05869840526459;35000;FALSE
"865";"10663727";"NGA";"QUA IBOE TERMINAL";"QUA IBOE OIL TERMINAL";4,22862291914837;8,05942389103249;35000;FALSE
"866";"10663729";"NGA";"QUA IBOE TERMINAL";"QUA IBOE OIL TERMINAL";4,22824351349608;8,055917925087;35000;FALSE
"867";"1066372f";"NGA";"QUA IBOE TERMINAL";"QUA IBOE OIL TERMINAL";4,22650681766251;8,05578210317172;35000;FALSE
"868";"10663709";"NGA";"QUA IBOE TERMINAL";"QUA IBOE";4,22021923768812;8,08894089828664;36000;FALSE
"869";"106637a7";"NGA";"QUA IBOE TERMINAL";"QUA IBOE";4,22036518012236;8,0924967613612;36000;FALSE
"870";"106630cd";"NGA";"QUA IBOE TERMINAL";"QUA IBOE OIL TERMINAL";4,21981912507317;8,04477522728826;36000;FALSE
"871";"10663733";"NGA";"QUA IBOE TERMINAL";"QUA IBOE OIL TERMINAL";4,21967865439963;8,047977953996;36000;FALSE
"872";"106637a9";"NGA";"QUA IBOE TERMINAL";"BOP";4,22388971036297;8,09256134583836;36000;FALSE
"873";"10663707";"NGA";"QUA IBOE TERMINAL";"BOP";4,22368501486045;8,08761728635775;36000;FALSE
"874";"1066305d";"NGA";"NGA-10";"INIM FIELD";4,21474362065417;7,99585630714279;37000;FALSE
"875";"1066376b";"NGA";"QUA IBOE TERMINAL";"QUA IBOE";4,2089585800047;8,07053679717776;37000;FALSE
"876";"10663741";"NGA";"QUA IBOE TERMINAL";"QUA IBOE";4,20895269387991;8,06632556211621;37000;FALSE
"877";"103f912b";"NGA";"NGA-78";"ESCRAVOS";5,49881532597062;4,81410861864028;38000;FALSE
"878";"1066506f";"NGA";"NGA-79";"ANTAN OIL TERMINAL";4,20226348681305;8,33970707275151;38000;FALSE
"879";"10663753";"NGA";"QUA IBOE TERMINAL";"QUA IBOE";4,19960757776728;8,04848523012936;38000;FALSE
"880";"106630ad";"NGA";"QUA IBOE TERMINAL";"QUA IBOE OIL TERMINAL";4,20003537690895;8,04416058093301;38000;FALSE
"881";"10663743";"NGA";"QUA IBOE TERMINAL";"QUA IBOE NIGERIA";4,20497543311893;8,0660458476758;38000;FALSE
"882";"10663769";"NGA";"QUA IBOE TERMINAL";"QUA IBOE";4,204776168043;8,07051777192827;38000;FALSE
"883";"106630b3";"NGA";"QUA IBOE TERMINAL";"QUA IBOE OIL TERMINAL";4,20328200362854;8,04411675752598;38000;FALSE
"884";"1066374d";"NGA";"QUA IBOE TERMINAL";"QUA IBOE OIL TERMINAL";4,20378770222064;8,04835863950593;38000;FALSE
"885";"10663745";"NGA";"QUA IBOE TERMINAL";"QUA IBOE";4,20429419985776;8,06026330500472;38000;FALSE
"886";"10663a2f";"NGA";"NGA-13";"ONNE PORT";4,1578791548069;8,03825117610539;42000;FALSE
"887";"10663b27";"NGA";"NGA-30";"INIM WEST";4,14965369329452;7,97412006307481;43000;FALSE
"888";"1068c2ff";"NGA";"OKONO TERMINAL";"OKONO TERMINAL";4,00001756841924;7,30478182702269;44000;FALSE
"889";"10689601";"NGA";"NGA-33";"YOHO";4,03612734243864;7,52770537165393;45000;FALSE
"890";"1068c2f9";"NGA";"OKONO TERMINAL";"OKONO TERMINAL";4,00320880180395;7,30539881412707;45000;FALSE
"891";"106638df";"NGA";"NGA-22";"OFON FIELD";4,12703874425946;8,09454567254692;46000;FALSE
"892";"1068bdff";"NGA";"NGA-33";"AAE";4,03262344321767;7,52595378554951;47000;FALSE
"893";"106646d5";"NGA";"EBOK FIELD";"EBOK FIELD";4,11079555436979;8,18040671703653;48000;FALSE
"894";"1066472d";"NGA";"EBOK FIELD";"EBOK FIELD";4,11008172648335;8,16833623616639;48000;FALSE
"895";"106640d5";"NGA";"EBOK FIELD";"EBOK FIELD";4,10609084581689;8,17585978819444;48000;FALSE
"896";"1066412b";"NGA";"EBOK FIELD";"EBOK FIELD";4,10752979491473;8,17988595283041;48000;FALSE
"897";"106640d3";"NGA";"EBOK FIELD";"EBOK";4,10869847148257;8,16880804380403;48000;FALSE
"898";"10661ff3";"NGA";"NGA-36";"ODUDU NIGERIA";4,02361378472855;7,80415421139165;54000;FALSE
"899";"103fa9ff";"NGA";"NGA-84";"ABO";5,71121922240488;4,4840550823276;54000;FALSE
"900";"10661fdf";"NGA";"ODUDU TERMINAL";"ODUDU TERMINAL";4,00795436462786;7,78688982426321;55000;FALSE
"901";"10661fd9";"NGA";"ODUDU TERMINAL";"ODUDU TERMINAL";4,00466710902908;7,78799228428992;56000;FALSE
"902";"10692f6b";"NGA";"NGA-57";"OKWORI TERMINAL";3,86001268847193;6,98268171814768;57000;FALSE
"903";"10661e21";"NGA";"NGA-25";"ODUDU TERMINAL";3,97404570548111;7,78870819636274;59000;FALSE
"904";"10661e71";"NGA";"NGA-31";"ODUDU NIGERIA";3,95798293171205;7,81445583874787;61000;FALSE
"905";"103e3509";"NGA";"AGBAMI";"AGBAMI";5,3488219011982;4,35826142157131;89000;FALSE
"906";"103e35a7";"NGA";"AGBAMI";"AGBAMI";5,34927540334432;4,35533337459222;89000;FALSE
"907";"103e3507";"NGA";"AGBAMI";"AGBAMI";5,34610199088503;4,35852462564354;89000;FALSE
"908";"103e35a9";"NGA";"AGBAMI";"ERHA NIGERIA";5,34570164743943;4,35463105286783;90000;FALSE
"909";"106f37ab";"NGA";"USAN FPSO";"USAN FIELD";3,58976669564619;7,39847126897787;91000;FALSE
"910";"106f3653";"NGA";"USAN FPSO";"USAN NIGERIA";3,59356224939988;7,40269799575534;91000;FALSE
"911";"106f37ad";"NGA";"USAN FPSO";"USAN";3,59032067056043;7,40269154199325;91000;FALSE
"912";"106f3655";"NGA";"USAN FPSO";"USAN";3,59344009850809;7,39848593058907;91000;FALSE
"913";"106f37a7";"NGA";"USAN FPSO";"USAN";3,57847379690643;7,39632573571415;92000;FALSE
"914";"101510b1";"NGA";"BONGA TERMINAL";"BONGA";4,56134421654494;4,6369732576777;98000;FALSE
"915";"101510b7";"NGA";"BONGA TERMINAL";"BONGA";4,56538231618845;4,63705402492048;98000;FALSE
"916";"101510bf";"NGA";"BONGA TERMINAL";"BONGA";4,56539096111517;4,62716996615038;99000;FALSE
"917";"101510bb";"NGA";"BONGA TERMINAL";"BONGA";4,56119562589457;4,63286518858545;99000;FALSE
"918";"101510b9";"NGA";"BONGA TERMINAL";"BONGA";4,56539213337006;4,63288446623106;99000;FALSE
"919";"1015109b";"NGA";"BONGA TERMINAL";"BONGA";4,55667745589291;4,61687829766667;1e+05;FALSE
"920";"10151091";"NGA";"BONGA TERMINAL";"MARIN";4,56041603538844;4,61680962968199;1e+05;FALSE
"921";"106c8e01";"NGA";"AGBAMI FPSO";"AGBAMI";3,48610242776668;5,56498694798256;102000;FALSE
"922";"106c8e07";"NGA";"AGBAMI FPSO";"AGBAMI";3,48576830870596;5,56870618347558;102000;FALSE
"923";"106c8dff";"NGA";"AGBAMI FPSO";"AGBAMI";3,48235652599372;5,56578805619228;103000;FALSE
"924";"106c8df9";"NGA";"AGBAMI FPSO";"AGBAMI";3,4769985514047;5,56465364047808;103000;FALSE
"925";"106c9201";"NGA";"AGBAMI FPSO";"AGBAMI";3,48200607553738;5,55935742742219;103000;FALSE
"926";"106c8dfd";"NGA";"AGBAMI FPSO";"AGBAMI";3,48170250737343;5,56950784039346;103000;FALSE
"927";"106ef3fd";"NGA";"AKPO FPSO";"AKPO NIGERIA";3,16184932887061;6,83101280270959;131000;FALSE
"928";"106ef3fb";"NGA";"AKPO FPSO";"AKPO NIGERIA";3,16252573941923;6,82783689365977;131000;FALSE
"929";"106ef3ff";"NGA";"AKPO FPSO";"AKPO NIGERIA";3,15909933392519;6,83147425982295;131000;FALSE
"930";"106ef411";"NGA";"AKPO FPSO";"AKPO";3,14366433180058;6,82366843530674;133000;FALSE
